Workbook

Sheet Companies
A1: Greek Pantheon Tech Directory
A2: 150 fictional tech companies, 10 products each. All company, product and specification data is fictional sample data.
B4: LEGEND
B5: Color | C5: Company Type | D5: Count
C6: Headphones & Earbuds | D6: =COUNTIF($C$14:$C$163,C6)
C7: Laptops | D7: =COUNTIF($C$14:$C$163,C7)
C8: Smartphones & Tablets | D8: =COUNTIF($C$14:$C$163,C8)
C9: Computer Hardware | D9: =COUNTIF($C$14:$C$163,C9)
C10: Total | D10: =SUM(D6:D9)
A13: # | B13: Company | C13: Category | D13: Other Names (short names, misspellings) | E13: Standard Warranty | F13: Company Certifications | G13: Use-Case Focus | H13: Product Categories | I13: Product 1 | J13: Price 1 | K13: Product 2 | L13: Price 2 | M13: Product 3 | N13: Price 3 | O13: Product 4 | P13: Price 4 | Q13: Product 5 | R13: Price 5 | S13: Product 6 | T13: Price 6 | U13: Product 7 | V13: Price 7 | W13: Product 8 | X13: Price 8 | Y13: Product 9 | Z13: Price 9 | AA13: Product 10 | AB13: Price 10 | AC13: Lowest Price | AD13: Highest Price | AE13: Average Price | AF13: Return Policy (days) (generated)
A14: 1 | B14: Morpheus | C14: Headphones & Earbuds | D14: Morpheus Audio; MORPHEUS; Morpheuss; Morppheus | E14: 1 year limited | F14: ISO 9001, ISO 14001, ISO 45001 | G14: travel, running, audiophile, outdoor | H14: Earbuds, Headphones, Headset | I14: Morpheus Onyx Air Kids Headphones | J14: 22.99 | K14: Morpheus Nova Ultra Wired In-Ear Monitors | L14: 54.99 | M14: Morpheus Spark Sport Earbuds | N14: 120.99 | O14: Morpheus Arc Open-Ear Earbuds | P14: 156.99 | Q14: Morpheus Quanta X Gaming Headset | R14: 171.99 | S14: Morpheus Pulse X Bone Conduction Headphones | T14: 195.99 | U14: Morpheus Rift Plus ANC Over-Ear Headphones | V14: 205.99 | W14: Morpheus Vibe Lite True Wireless Earbuds | X14: 244.99 | Y14: Morpheus Onyx Air Studio Monitor Headphones | Z14: 374.99 | AA14: Morpheus Onyx Lite Audiophile Planar Headphones | AB14: 1063.99 | AC14: =MIN(J14,L14,N14,P14,R14,T14,V14,X14,Z14,AB14) | AD14: =MAX(J14,L14,N14,P14,R14,T14,V14,X14,Z14,AB14) | AE14: =AVERAGE(J14,L14,N14,P14,R14,T14,V14,X14,Z14,AB14) | AF14: 60
A15: 2 | B15: Carpo | C15: Headphones & Earbuds | D15: Carpo Audio; CARPO; Carpoo; Crapo | E15: 1 year limited | F15: ISO 9001, WEEE Registered, ISO/IEC 27001 | G15: travel, running, school, commute | H15: Earbuds, Headphones | I15: Carpo Apex Plus Kids Headphones | J15: 43.99 | K15: Carpo Nova On-Ear Headphones | L15: 59.99 | M15: Carpo Quanta Air Bone Conduction Headphones | N15: 134.99 | O15: Carpo Lumen Pro Open-Ear Earbuds | P15: 136.99 | Q15: Carpo Flux Pro Sport Earbuds | R15: 153.99 | S15: Carpo Nova Air Wired In-Ear Monitors | T15: 183.99 | U15: Carpo Nova Plus Studio Monitor Headphones | V15: 213.99 | W15: Carpo Nova ANC Over-Ear Headphones | X15: 265.99 | Y15: Carpo Halo Max Sleep Earbuds | Z15: 274.99 | AA15: Carpo Lumen Air Audiophile Planar Headphones | AB15: 341.99 | AC15: =MIN(J15,L15,N15,P15,R15,T15,V15,X15,Z15,AB15) | AD15: =MAX(J15,L15,N15,P15,R15,T15,V15,X15,Z15,AB15) | AE15: =AVERAGE(J15,L15,N15,P15,R15,T15,V15,X15,Z15,AB15) | AF15: 30
A16: 3 | B16: Himeros | C16: Headphones & Earbuds | D16: Himeros Audio; HIMEROS; Himeroos; Himeeros | E16: 1 year limited | F16: ISO 9001, ISO 45001, ISO/IEC 27001 | G16: travel, running, school, outdoor | H16: Earbuds, Headphones, Headset | I16: Himeros Volt SE Kids Headphones | J16: 45.99 | K16: Himeros Echo SE Sport Earbuds | L16: 63.99 | M16: Himeros Wave Max Bone Conduction Headphones | N16: 132.99 | O16: Himeros Halo Pro Sleep Earbuds | P16: 161.99 | Q16: Himeros Arc True Wireless Earbuds | R16: 166.99 | S16: Himeros Sable SE On-Ear Headphones | T16: 179.99 | U16: Himeros Flux Studio Monitor Headphones | V16: 195.99 | W16: Himeros Aeon Lite Open-Ear Earbuds | X16: 215.99 | Y16: Himeros Sable Gaming Headset | Z16: 221.99 | AA16: Himeros Aeon Audiophile Planar Headphones | AB16: 1139.99 | AC16: =MIN(J16,L16,N16,P16,R16,T16,V16,X16,Z16,AB16) | AD16: =MAX(J16,L16,N16,P16,R16,T16,V16,X16,Z16,AB16) | AE16: =AVERAGE(J16,L16,N16,P16,R16,T16,V16,X16,Z16,AB16) | AF16: 30
A17: 4 | B17: Doris | C17: Headphones & Earbuds | D17: Doris Audio; DORIS; Dooris; Doirs | E17: 1 year limited | F17: ISO 9001, WEEE Registered, ISO 14001 | G17: travel, commute, school, everyday | H17: Earbuds, Headphones, Headset | I17: Doris Halo SE Kids Headphones | J17: 48.99 | K17: Doris Echo X On-Ear Headphones | L17: 72.99 | M17: Doris Rift Ultra True Wireless Earbuds | N17: 115.99 | O17: Doris Halo Wired In-Ear Monitors | P17: 165.99 | Q17: Doris Vertex Air Sleep Earbuds | R17: 171.99 | S17: Doris Echo Lite Bone Conduction Headphones | T17: 193.99 | U17: Doris Echo Plus Gaming Headset | V17: 325.99 | W17: Doris Pulse SE ANC Over-Ear Headphones | X17: 342.99 | Y17: Doris Rift Air Studio Monitor Headphones | Z17: 355.99 | AA17: Doris Vibe Pro Audiophile Planar Headphones | AB17: 1294.99 | AC17: =MIN(J17,L17,N17,P17,R17,T17,V17,X17,Z17,AB17) | AD17: =MAX(J17,L17,N17,P17,R17,T17,V17,X17,Z17,AB17) | AE17: =AVERAGE(J17,L17,N17,P17,R17,T17,V17,X17,Z17,AB17) | AF17: 60
A18: 5 | B18: Deimos | C18: Headphones & Earbuds | D18: Deimos Audio; DEIMOS; Deimmos; Diemos | E18: 1 year limited | F18: ISO 9001, RoHS Compliant, ISO 45001 | G18: commute, running, travel, everyday | H18: Earbuds, Headphones | I18: Deimos Aeon X On-Ear Headphones | J18: 60.99 | K18: Deimos Quanta X Sport Earbuds | L18: 68.99 | M18: Deimos Crest Bone Conduction Headphones | N18: 83.99 | O18: Deimos Lumen X True Wireless Earbuds | P18: 111.99 | Q18: Deimos Aeon Plus Open-Ear Earbuds | R18: 154.99 | S18: Deimos Halo Plus Sleep Earbuds | T18: 164.99 | U18: Deimos Core SE Studio Monitor Headphones | V18: 220.99 | W18: Deimos Apex X ANC Over-Ear Headphones | X18: 362.99 | Y18: Deimos Rift Wired In-Ear Monitors | Z18: 398.99 | AA18: Deimos Orbit Plus Audiophile Planar Headphones | AB18: 1455.99 | AC18: =MIN(J18,L18,N18,P18,R18,T18,V18,X18,Z18,AB18) | AD18: =MAX(J18,L18,N18,P18,R18,T18,V18,X18,Z18,AB18) | AE18: =AVERAGE(J18,L18,N18,P18,R18,T18,V18,X18,Z18,AB18) | AF18: 15
A19: 6 | B19: Asteria | C19: Headphones & Earbuds | D19: Asteria Audio; ASTERIA; Asteri; Atseria | E19: 1 year limited | F19: ISO 9001, WEEE Registered, ISO 45001 | G19: commute, travel, everyday, running | H19: Earbuds, Headphones, Headset | I19: Asteria Apex Air On-Ear Headphones | J19: 60.99 | K19: Asteria Core Sport Earbuds | L19: 72.99 | M19: Asteria Core Max Gaming Headset | N19: 127.99 | O19: Asteria Volt Max Wired In-Ear Monitors | P19: 139.99 | Q19: Asteria Drift Air Bone Conduction Headphones | R19: 181.99 | S19: Asteria Halo Plus True Wireless Earbuds | T19: 202.99 | U19: Asteria Aeon Air ANC Over-Ear Headphones | V19: 228.99 | W19: Asteria Rift Studio Monitor Headphones | X19: 251.99 | Y19: Asteria Prism X Sleep Earbuds | Z19: 278.99 | AA19: Asteria Blaze Air Audiophile Planar Headphones | AB19: 517.99 | AC19: =MIN(J19,L19,N19,P19,R19,T19,V19,X19,Z19,AB19) | AD19: =MAX(J19,L19,N19,P19,R19,T19,V19,X19,Z19,AB19) | AE19: =AVERAGE(J19,L19,N19,P19,R19,T19,V19,X19,Z19,AB19) | AF19: 15
A20: 7 | B20: Tethys | C20: Headphones & Earbuds | D20: Tethys Audio; TETHYS; Tethyys; Teethys | E20: 1 year limited | F20: ISO 9001, ISO/IEC 27001, ISO 14001 | G20: travel, commute, school, running | H20: Earbuds, Headphones, Headset | I20: Tethys Pulse Kids Headphones | J20: 53.99 | K20: Tethys Quanta Lite Sport Earbuds | L20: 57.99 | M20: Tethys Pulse Plus On-Ear Headphones | N20: 69.99 | O20: Tethys Vertex Lite Gaming Headset | P20: 123.99 | Q20: Tethys Drift Max Sleep Earbuds | R20: 131.99 | S20: Tethys Axis SE Bone Conduction Headphones | T20: 148.99 | U20: Tethys Quanta Plus ANC Over-Ear Headphones | V20: 168.99 | W20: Tethys Blaze Ultra Studio Monitor Headphones | X20: 180.99 | Y20: Tethys Echo Plus True Wireless Earbuds | Z20: 187.99 | AA20: Tethys Prism Plus Audiophile Planar Headphones | AB20: 383.99 | AC20: =MIN(J20,L20,N20,P20,R20,T20,V20,X20,Z20,AB20) | AD20: =MAX(J20,L20,N20,P20,R20,T20,V20,X20,Z20,AB20) | AE20: =AVERAGE(J20,L20,N20,P20,R20,T20,V20,X20,Z20,AB20) | AF20: 30
A21: 8 | B21: Menoetius | C21: Headphones & Earbuds | D21: Menoetius Audio; MENOETIUS; Menoetuis; Menoeetius | E21: 1 year limited | F21: ISO 9001, ISO/IEC 27001, WEEE Registered | G21: commute, travel, everyday, running | H21: Earbuds, Headphones, Headset | I21: Menoetius Sable Lite On-Ear Headphones | J21: 99.99 | K21: Menoetius Pulse Pro True Wireless Earbuds | L21: 105.99 | M21: Menoetius Strata Open-Ear Earbuds | N21: 175.99 | O21: Menoetius Sable Pro Bone Conduction Headphones | P21: 183.99 | Q21: Menoetius Wave Gaming Headset | R21: 184.99 | S21: Menoetius Pulse Lite Sleep Earbuds | T21: 203.99 | U21: Menoetius Volt Max Wired In-Ear Monitors | V21: 249.99 | W21: Menoetius Arc Pro Studio Monitor Headphones | X21: 338.99 | Y21: Menoetius Strata Pro ANC Over-Ear Headphones | Z21: 490.99 | AA21: Menoetius Sable SE Audiophile Planar Headphones | AB21: 978.99 | AC21: =MIN(J21,L21,N21,P21,R21,T21,V21,X21,Z21,AB21) | AD21: =MAX(J21,L21,N21,P21,R21,T21,V21,X21,Z21,AB21) | AE21: =AVERAGE(J21,L21,N21,P21,R21,T21,V21,X21,Z21,AB21) | AF21: 30
A22: 9 | B22: Phosphorus | C22: Headphones & Earbuds | D22: Phosphorus Audio; PHOSPHORUS; Phosphrous; Phosphhorus | E22: 1 year limited | F22: ISO 9001, RoHS Compliant, ISO 45001 | G22: travel, school, running, commute | H22: Earbuds, Headphones, Headset | I22: Phosphorus Core Kids Headphones | J22: 30.99 | K22: Phosphorus Quanta Max Gaming Headset | L22: 107.99 | M22: Phosphorus Nimbus X Sleep Earbuds | N22: 127.99 | O22: Phosphorus Crest Air Sport Earbuds | P22: 149.99 | Q22: Phosphorus Flux X ANC Over-Ear Headphones | R22: 167.99 | S22: Phosphorus Lumen Max Studio Monitor Headphones | T22: 189.99 | U22: Phosphorus Zen Open-Ear Earbuds | V22: 215.99 | W22: Phosphorus Volt Plus Wired In-Ear Monitors | X22: 236.99 | Y22: Phosphorus Vertex On-Ear Headphones | Z22: 239.99 | AA22: Phosphorus Rift Air Audiophile Planar Headphones | AB22: 1362.99 | AC22: =MIN(J22,L22,N22,P22,R22,T22,V22,X22,Z22,AB22) | AD22: =MAX(J22,L22,N22,P22,R22,T22,V22,X22,Z22,AB22) | AE22: =AVERAGE(J22,L22,N22,P22,R22,T22,V22,X22,Z22,AB22) | AF22: 15
A23: 10 | B23: Hedone | C23: Headphones & Earbuds | D23: Hedone Audio; HEDONE; Hedonee; Hedonne | E23: 1 year limited | F23: ISO 9001, ISO 14001, ISO/IEC 27001 | G23: running, travel, everyday, commute | H23: Earbuds, Headphones, Headset | I23: Hedone Halo SE Gaming Headset | J23: 113.99 | K23: Hedone Prism Pro Sport Earbuds | L23: 115.99 | M23: Hedone Blaze Max Sleep Earbuds | N23: 129.99 | O23: Hedone Nimbus Max On-Ear Headphones | P23: 141.99 | Q23: Hedone Aria Bone Conduction Headphones | R23: 148.99 | S23: Hedone Apex Lite Open-Ear Earbuds | T23: 175.99 | U23: Hedone Lumen Max True Wireless Earbuds | V23: 205.99 | W23: Hedone Sable X Studio Monitor Headphones | X23: 318.99 | Y23: Hedone Drift Plus Wired In-Ear Monitors | Z23: 324.99 | AA23: Hedone Prism SE Audiophile Planar Headphones | AB23: 1336.99 | AC23: =MIN(J23,L23,N23,P23,R23,T23,V23,X23,Z23,AB23) | AD23: =MAX(J23,L23,N23,P23,R23,T23,V23,X23,Z23,AB23) | AE23: =AVERAGE(J23,L23,N23,P23,R23,T23,V23,X23,Z23,AB23) | AF23: 30
A24: 11 | B24: Hebe | C24: Headphones & Earbuds | D24: Hebe Audio; HEBE; Heb; Hebbe | E24: 1 year limited | F24: ISO 9001, ISO 45001, RoHS Compliant | G24: travel, commute, audiophile, school | H24: Earbuds, Headphones, Headset | I24: Hebe Arc Ultra Wired In-Ear Monitors | J24: 37.99 | K24: Hebe Apex X Kids Headphones | L24: 50.99 | M24: Hebe Drift True Wireless Earbuds | N24: 85.99 | O24: Hebe Aeon SE Open-Ear Earbuds | P24: 96.99 | Q24: Hebe Vibe On-Ear Headphones | R24: 108.99 | S24: Hebe Axis SE Gaming Headset | T24: 147.99 | U24: Hebe Prism Pro Sleep Earbuds | V24: 270.99 | W24: Hebe Nimbus Pro ANC Over-Ear Headphones | X24: 401.99 | Y24: Hebe Strata Studio Monitor Headphones | Z24: 482.99 | AA24: Hebe Nova Pro Audiophile Planar Headphones | AB24: 984.99 | AC24: =MIN(J24,L24,N24,P24,R24,T24,V24,X24,Z24,AB24) | AD24: =MAX(J24,L24,N24,P24,R24,T24,V24,X24,Z24,AB24) | AE24: =AVERAGE(J24,L24,N24,P24,R24,T24,V24,X24,Z24,AB24) | AF24: 30
A25: 12 | B25: Glaucus | C25: Headphones & Earbuds | D25: Glaucus Audio; GLAUCUS; Glaucu; Glauucus | E25: 1 year limited | F25: ISO 9001, ISO 45001, RoHS Compliant | G25: travel, running, commute, school | H25: Earbuds, Headphones, Headset | I25: Glaucus Aria Air Kids Headphones | J25: 45.99 | K25: Glaucus Sable Ultra Open-Ear Earbuds | L25: 112.99 | M25: Glaucus Aria Air Bone Conduction Headphones | N25: 156.99 | O25: Glaucus Quanta Lite True Wireless Earbuds | P25: 162.99 | Q25: Glaucus Zen Ultra Sport Earbuds | R25: 190.99 | S25: Glaucus Orbit Air On-Ear Headphones | T25: 228.99 | U25: Glaucus Drift Pro Gaming Headset | V25: 296.99 | W25: Glaucus Core Pro ANC Over-Ear Headphones | X25: 378.99 | Y25: Glaucus Strata Ultra Studio Monitor Headphones | Z25: 478.99 | AA25: Glaucus Onyx Air Audiophile Planar Headphones | AB25: 865.99 | AC25: =MIN(J25,L25,N25,P25,R25,T25,V25,X25,Z25,AB25) | AD25: =MAX(J25,L25,N25,P25,R25,T25,V25,X25,Z25,AB25) | AE25: =AVERAGE(J25,L25,N25,P25,R25,T25,V25,X25,Z25,AB25) | AF25: 30
... A163: 150 | B163: Artemis | C163: Computer Hardware | D163: Artemis Hardware; ARTEMIS; Arteemis; Aretmis | E163: 2 year limited | F163: ISO 9001, RoHS Compliant, ISO/IEC 27001 | G163: gaming, PC building, workstation builds, multitasking | H163: Graphics Card, Keyboard, Memory, Motherboard, Mouse, PC Case, Power Supply, Processor, Storage, Webcam | I163: Artemis Wave Plus 32GB DDR5 RAM Kit | J163: 98.99 | K163: Artemis Volt Plus Mechanical Keyboard | L163: 120.99 | M163: Artemis Strata Gaming Mouse | N163: 121.99 | O163: Artemis Aeon Lite Mid-Tower PC Case | P163: 131.99 | Q163: Artemis Drift X 4K Webcam | R163: 155.99 | S163: Artemis Prism Max 4TB External Hard Drive | T163: 171.99 | U163: Artemis Spark Ultra 850W Power Supply | V163: 218.99 | W163: Artemis Zen Plus ATX Motherboard | X163: 264.99 | Y163: Artemis Drift Plus Desktop CPU | Z163: 299.99 | AA163: Artemis Nimbus X Graphics Card | AB163: 408.99 | AC163: =MIN(J163,L163,N163,P163,R163,T163,V163,X163,Z163,AB163) | AD163: =MAX(J163,L163,N163,P163,R163,T163,V163,X163,Z163,AB163) | AE163: =AVERAGE(J163,L163,N163,P163,R163,T163,V163,X163,Z163,AB163) | AF163: 30

Sheet Product Details
A1: Product Details and Verifiable Specifications
A2: N/A means the field does not apply to that product. Verified Comparisons are checked against the competitor data in this workbook (competitor SKU shown in brackets). | T2: Columns marked (generated) were filled by script: deterministic sample values, not source data.
B3: LEGEND
B4: Color | C4: Company Type | D4: Count
C5: Headphones & Earbuds | D5: =COUNTIF($C$13:$C$1512,C5)
C6: Laptops | D6: =COUNTIF($C$13:$C$1512,C6)
C7: Smartphones & Tablets | D7: =COUNTIF($C$13:$C$1512,C7)
C8: Computer Hardware | D8: =COUNTIF($C$13:$C$1512,C8)
C9: Total | D9: =SUM(D5:D8)
A12: SKU | B12: Company | C12: Category | D12: Product Category | E12: Product | F12: Price | G12: Other Names (short names, misspellings) | H12: Warranty | I12: Certifications | J12: Processor | K12: Graphics | L12: Display Type | M12: Resolution | N12: Ports | O12: Operating System | P12: Battery Life (hrs) | Q12: Weight (g) | R12: Verified Comparisons | S12: Use-Case Tags | T12: Availability (generated) | U12: Return Policy (days) (generated) | V12: Previous Price (generated) | W12: Price Changed On (generated) | X12: RAM (GB) (generated) | Y12: Storage (GB) (generated) | Z12: Screen Size (in) (generated) | AA12: Touchscreen (generated)
A13: MOR-001-01 | B13: Morpheus | C13: Headphones & Earbuds | D13: Headphones | E13: Morpheus Onyx Air Kids Headphones | F13: 22.99 | G13: the Onyx Air; Morpheus Onyx Air; Morppheus Onyx Air; Onyx Air headphones | H13: 1 year limited | I13: FCC, CE, Bluetooth SIG Qualified, EN 71 Toy Safety | J13: N/A | K13: N/A | L13: N/A | M13: N/A | N13: USB-C charging, 3.5mm (85 dB limited) | O13: N/A | P13: 23 | Q13: 130 | R13: Lighter than Nereus Drift Kids Headphones [NER-020-01] (130 g vs 141 g); Lower price than Hesperus Onyx SE Kids Headphones [HES-025-01] ($22.99 vs $35.99) | S13: kids, school, travel | T13: in_stock | U13: 60 | V13: 24.99 | W13: 2026-09-02 | X13: N/A | Y13: N/A | Z13: N/A | AA13: N/A
A14: MOR-001-02 | B14: Morpheus | C14: Headphones & Earbuds | D14: Earbuds | E14: Morpheus Nova Ultra Wired In-Ear Monitors | F14: 54.99 | G14: the Nova Ultra; Morpheus Nova Ultra; Morpheu Nova Ultra; Nova Ultra earbuds | H14: 1 year limited | I14: CE, RoHS, Hi-Res Audio | J14: N/A | K14: N/A | L14: N/A | M14: N/A | N14: Detachable 2-pin cable: 3.5mm | O14: N/A | P14: N/A | Q14: 36 | R14: Lower price than Chaos Axis Max Wired In-Ear Monitors [CHA-016-02] ($54.99 vs $66.99); Lighter than Carpo Nova Air Wired In-Ear Monitors [CAR-002-06] (36 g vs 40 g) | S14: audiophile, stage monitoring, music | T14: low_stock | U14: 60 | V14: 59.99 | W14: 2026-09-07 | X14: N/A | Y14: N/A | Z14: N/A | AA14: N/A
A15: MOR-001-03 | B15: Morpheus | C15: Headphones & Earbuds | D15: Earbuds | E15: Morpheus Spark Sport Earbuds | F15: 120.99 | G15: the Spark; Morpheus Spark; Morrpheus Spark; Spark earbuds | H15: 1 year limited | I15: FCC, CE, Bluetooth SIG Qualified, IPX4 | J15: N/A | K15: N/A | L15: N/A | M15: N/A | N15: USB-C charging case | O15: N/A | P15: 10 | Q15: 5 | R15: Longer battery than Ananke Strata Lite Sport Earbuds [ANA-023-02] (10 vs 9 hrs); Lighter than Hedone Prism Pro Sport Earbuds [HED-010-02] (5 g vs 7 g) | S15: gym, running, sport | T15: out_of_stock | U15: 60 | V15: 134.99 | W15: 2026-08-09 | X15: N/A | Y15: N/A | Z15: N/A | AA15: N/A
A16: MOR-001-04 | B16: Morpheus | C16: Headphones & Earbuds | D16: Earbuds | E16: Morpheus Arc Open-Ear Earbuds | F16: 156.99 | G16: the Arc; Morpheus Arc; Morphues Arc; Arc earbuds | H16: 1 year limited | I16: FCC, CE, Bluetooth SIG Qualified, IPX5 | J16: N/A | K16: N/A | L16: N/A | M16: N/A | N16: USB-C charging case | O16: N/A | P16: 9 | Q16: 10 | R16: Lighter than Asclepius Axis Max Open-Ear Earbuds [ASC-024-06] (10 g vs 11 g); Longer battery than Zeus Strata X Open-Ear Earbuds [ZEU-013-02] (9 vs 8 hrs) | S16: running, outdoor, office | T16: in_stock | U16: 60 | V16: 180.99 | W16: 2026-08-26 | X16: N/A | Y16: N/A | Z16: N/A | AA16: N/A
A17: MOR-001-05 | B17: Morpheus | C17: Headphones & Earbuds | D17: Headset | E17: Morpheus Quanta X Gaming Headset | F17: 171.99 | G17: the Quanta X; Morpheus Quanta X; Morphheus Quanta X; Quanta X headset | H17: 1 year limited | I17: FCC, CE, Bluetooth SIG Qualified | J17: N/A | K17: N/A | L17: N/A | M17: N/A | N17: USB-C, 3.5mm, 2.4GHz USB dongle | O17: N/A | P17: 42 | Q17: 363 | R17: Longer battery than Glaucus Drift Pro Gaming Headset [GLA-012-07] (42 vs 23 hrs); Lower price than Hesperus Aeon Plus Gaming Headset [HES-025-06] ($171.99 vs $241.99) | S17: gaming, streaming, voice chat | T17: in_stock | U17: 60 | V17: 189.99 | W17: 2026-08-22 | X17: N/A | Y17: N/A | Z17: N/A | AA17: N/A
A18: MOR-001-06 | B18: Morpheus | C18: Headphones & Earbuds | D18: Headphones | E18: Morpheus Pulse X Bone Conduction Headphones | F18: 195.99 | G18: the Pulse X; Morpheus Pulse X; Morrpheus Pulse X; Pulse X headphones | H18: 1 year limited | I18: FCC, CE, Bluetooth SIG Qualified, IP67 | J18: N/A | K18: N/A | L18: N/A | M18: N/A | N18: Magnetic USB charging | O18: N/A | P18: 10 | Q18: 34 | R18: Longer battery than Tartarus Volt Max Bone Conduction Headphones [TAR-017-03] (10 vs 7 hrs); Lighter than Deimos Crest Bone Conduction Headphones [DEI-005-03] (34 g vs 35 g) | S18: running, cycling, outdoor | T18: in_stock | U18: 60 | V18: 224.99 | W18: 2026-08-27 | X18: N/A | Y18: N/A | Z18: N/A | AA18: N/A
A19: MOR-001-07 | B19: Morpheus | C19: Headphones & Earbuds | D19: Headphones | E19: Morpheus Rift Plus ANC Over-Ear Headphones | F19: 205.99 | G19: the Rift Plus; Morpheus Rift Plus; Morphues Rift Plus; Rift Plus headphones | H19: 1 year limited | I19: FCC, CE, Bluetooth SIG Qualified | J19: N/A | K19: N/A | L19: N/A | M19: N/A | N19: USB-C charging and audio, 3.5mm | O19: N/A | P19: 56 | Q19: 259 | R19: Longer battery than Asclepius Rift Max ANC Over-Ear Headphones [ASC-024-10] (56 vs 36 hrs); Lighter than Nereus Crest X ANC Over-Ear Headphones [NER-020-09] (259 g vs 274 g) | S19: travel, commute, office | T19: in_stock | U19: 60 | V19: 229.99 | W19: 2026-08-29 | X19: N/A | Y19: N/A | Z19: N/A | AA19: N/A
A20: MOR-001-08 | B20: Morpheus | C20: Headphones & Earbuds | D20: Earbuds | E20: Morpheus Vibe Lite True Wireless Earbuds | F20: 244.99 | G20: the Vibe Lite; Morpheus Vibe Lite; Morppheus Vibe Lite; Vibe Lite earbuds | H20: 1 year limited | I20: FCC, CE, Bluetooth SIG Qualified, IPX4 | J20: N/A | K20: N/A | L20: N/A | M20: N/A | N20: USB-C charging case | O20: N/A | P20: 8 | Q20: 4 | R20: Lighter than Menoetius Pulse Pro True Wireless Earbuds [MEN-008-02] (4 g vs 5 g); Lower price than Aura Halo Ultra True Wireless Earbuds [AUR-015-08] ($244.99 vs $290.99) | S20: commute, everyday, travel | T20: in_stock | U20: 60 | V20: 258.99 | W20: 2026-08-19 | X20: N/A | Y20: N/A | Z20: N/A | AA20: N/A
A21: MOR-001-09 | B21: Morpheus | C21: Headphones & Earbuds | D21: Headphones | E21: Morpheus Onyx Air Studio Monitor Headphones | F21: 374.99 | G21: the Onyx Air; Morpheus Onyx Air; Morppheus Onyx Air; Onyx Air headphones | H21: 1 year limited | I21: CE, RoHS, Hi-Res Audio | J21: N/A | K21: N/A | L21: N/A | M21: N/A | N21: Detachable cable: 3.5mm with 6.35mm adapter | O21: N/A | P21: N/A | Q21: 375 | R21: Lower price than Aura Drift Studio Monitor Headphones [AUR-015-10] ($374.99 vs $497.99) | S21: music production, studio, podcasting | T21: in_stock | U21: 60 | V21: 430.99 | W21: 2026-09-13 | X21: N/A | Y21: N/A | Z21: N/A | AA21: N/A
A22: MOR-001-10 | B22: Morpheus | C22: Headphones & Earbuds | D22: Headphones | E22: Morpheus Onyx Lite Audiophile Planar Headphones | F22: 1063.99 | G22: the Onyx Lite; Morpheus Onyx Lite; Morpehus Onyx Lite; Onyx Lite headphones | H22: 1 year limited | I22: CE, RoHS, Hi-Res Audio | J22: N/A | K22: N/A | L22: N/A | M22: N/A | N22: Detachable cable: 3.5mm, 6.35mm and 4.4mm balanced | O22: N/A | P22: N/A | Q22: 502 | R22: Lower price than Doris Vibe Pro Audiophile Planar Headphones [DOR-004-10] ($1,063.99 vs $1,294.99); Lighter than Himeros Aeon Audiophile Planar Headphones [HIM-003-10] (502 g vs 538 g) | S22: audiophile, home listening, studio | T22: in_stock | U22: 60 | V22: 1105.99 | W22: 2026-08-26 | X22: N/A | Y22: N/A | Z22: N/A | AA22: N/A
A23: CAR-002-01 | B23: Carpo | C23: Headphones & Earbuds | D23: Headphones | E23: Carpo Apex Plus Kids Headphones | F23: 43.99 | G23: the Apex Plus; Carpo Apex Plus; Karpo Apex Plus; Apex Plus headphones | H23: 1 year limited | I23: FCC, CE, Bluetooth SIG Qualified, EN 71 Toy Safety | J23: N/A | K23: N/A | L23: N/A | M23: N/A | N23: USB-C charging, 3.5mm (85 dB limited) | O23: N/A | P23: 21 | Q23: 155 | R23: Lighter than Asclepius Drift X Kids Headphones [ASC-024-01] (155 g vs 164 g); Lower price than Hebe Apex X Kids Headphones [HEB-011-02] ($43.99 vs $50.99) | S23: kids, school, travel | T23: in_stock | U23: 30 | V23: 48.99 | W23: 2026-09-12 | X23: N/A | Y23: N/A | Z23: N/A | AA23: N/A
A24: CAR-002-02 | B24: Carpo | C24: Headphones & Earbuds | D24: Headphones | E24: Carpo Nova On-Ear Headphones | F24: 59.99 | G24: the Nova; Carpo Nova; Karpo Nova; Nova headphones | H24: 1 year limited | I24: FCC, CE, Bluetooth SIG Qualified | J24: N/A | K24: N/A | L24: N/A | M24: N/A | N24: USB-C charging, 3.5mm | O24: N/A | P24: 45 | Q24: 189 | R24: Longer battery than Tartarus Core X On-Ear Headphones [TAR-017-05] (45 vs 30 hrs); Lower price than Soteria Rift SE On-Ear Headphones [SOT-014-02] ($59.99 vs $64.99) | S24: everyday, commute, school | T24: in_stock | U24: 30 | V24: 65.99 | W24: 2026-09-11 | X24: N/A | Y24: N/A | Z24: N/A | AA24: N/A
A25: CAR-002-03 | B25: Carpo | C25: Headphones & Earbuds | D25: Headphones | E25: Carpo Quanta Air Bone Conduction Headphones | F25: 134.99 | G25: the Quanta Air; Carpo Quanta Air; Karpo Quanta Air; Quanta Air headphones | H25: 1 year limited | I25: FCC, CE, Bluetooth SIG Qualified, IP67 | J25: N/A | K25: N/A | L25: N/A | M25: N/A | N25: Magnetic USB charging | O25: N/A | P25: 10 | Q25: 30 | R25: Longer battery than Ananke Orbit Plus Bone Conduction Headphones [ANA-023-03] (10 vs 6 hrs); Lower price than Hedone Aria Bone Conduction Headphones [HED-010-05] ($134.99 vs $148.99) | S25: running, cycling, outdoor | T25: in_stock | U25: 30 | V25: 150.99 | W25: 2026-08-26 | X25: N/A | Y25: N/A | Z25: N/A | AA25: N/A
A26: CAR-002-04 | B26: Carpo | C26: Headphones & Earbuds | D26: Earbuds | E26: Carpo Lumen Pro Open-Ear Earbuds | F26: 136.99 | G26: the Lumen Pro; Carpo Lumen Pro; Caarpo Lumen Pro; Lumen Pro earbuds | H26: 1 year limited | I26: FCC, CE, Bluetooth SIG Qualified, IPX5 | J26: N/A | K26: N/A | L26: N/A | M26: N/A | N26: USB-C charging case | O26: N/A | P26: 9 | Q26: 11 | R26: Lower price than Nereus Aeon Ultra Open-Ear Earbuds [NER-020-06] ($136.99 vs $175.99); Lighter than Aura Drift Open-Ear Earbuds [AUR-015-04] (11 g vs 12 g) | S26: running, outdoor, office | T26: low_stock | U26: 30 | V26: 143.99 | W26: 2026-09-12 | X26: N/A | Y26: N/A | Z26: N/A | AA26: N/A
A27: CAR-002-05 | B27: Carpo | C27: Headphones & Earbuds | D27: Earbuds | E27: Carpo Flux Pro Sport Earbuds | F27: 153.99 | G27: the Flux Pro; Carpo Flux Pro; Carpoo Flux Pro; Flux Pro earbuds | H27: 1 year limited | I27: FCC, CE, Bluetooth SIG Qualified, IPX5 | J27: N/A | K27: N/A | L27: N/A | M27: N/A | N27: USB-C charging case | O27: N/A | P27: 7 | Q27: 9 | R27: Lower price than Chaos Flux SE Sport Earbuds [CHA-016-05] ($153.99 vs $163.99); Longer battery than Achelous Core Max Sport Earbuds [ACH-018-04] (7 vs 6 hrs) | S27: gym, running, sport | T27: in_stock | U27: 30 | V27: 166.99 | W27: 2026-09-14 | X27: N/A | Y27: N/A | Z27: N/A | AA27: N/A
A28: CAR-002-06 | B28: Carpo | C28: Headphones & Earbuds | D28: Earbuds | E28: Carpo Nova Air Wired In-Ear Monitors | F28: 183.99 | G28: the Nova Air; Carpo Nova Air; Karpo Nova Air; Nova Air earbuds | H28: 1 year limited | I28: CE, RoHS, Hi-Res Audio | J28: N/A | K28: N/A | L28: N/A | M28: N/A | N28: Detachable 2-pin cable: 3.5mm | O28: N/A | P28: N/A | Q28: 40 | R28: Lower price than Phosphorus Volt Plus Wired In-Ear Monitors [PHO-009-08] ($183.99 vs $236.99) | S28: audiophile, stage monitoring, music | T28: in_stock | U28: 30 | V28: 200.99 | W28: 2026-08-16 | X28: N/A | Y28: N/A | Z28: N/A | AA28: N/A
A29: CAR-002-07 | B29: Carpo | C29: Headphones & Earbuds | D29: Headphones | E29: Carpo Nova Plus Studio Monitor Headphones | F29: 213.99 | G29: the Nova Plus; Carpo Nova Plus; Carrpo Nova Plus; Nova Plus headphones | H29: 1 year limited | I29: CE, RoHS, Hi-Res Audio | J29: N/A | K29: N/A | L29: N/A | M29: N/A | N29: Detachable cable: 3.5mm with 6.35mm adapter | O29: N/A | P29: N/A | Q29: 361 | R29: Lower price than Hedone Sable X Studio Monitor Headphones [HED-010-08] ($213.99 vs $318.99); Lighter than Morpheus Onyx Air Studio Monitor Headphones [MOR-001-09] (361 g vs 375 g) | S29: music production, studio, podcasting | T29: in_stock | U29: 30 | V29: 225.99 | W29: 2026-09-18 | X29: N/A | Y29: N/A | Z29: N/A | AA29: N/A
A30: CAR-002-08 | B30: Carpo | C30: Headphones & Earbuds | D30: Headphones | E30: Carpo Nova ANC Over-Ear Headphones | F30: 265.99 | G30: the Nova; Carpo Nova; Carp Nova; Nova headphones | H30: 1 year limited | I30: FCC, CE, Bluetooth SIG Qualified | J30: N/A | K30: N/A | L30: N/A | M30: N/A | N30: USB-C charging and audio, 3.5mm | O30: N/A | P30: 26 | Q30: 276 | R30: Lighter than Tethys Quanta Plus ANC Over-Ear Headphones [TET-007-07] (276 g vs 278 g); Longer battery than Ananke Zen Max ANC Over-Ear Headphones [ANA-023-07] (26 vs 20 hrs) | S30: travel, commute, office | T30: low_stock | U30: 30 | V30: 284.99 | W30: 2026-08-31 | X30: N/A | Y30: N/A | Z30: N/A | AA30: N/A
A31: CAR-002-09 | B31: Carpo | C31: Headphones & Earbuds | D31: Earbuds | E31: Carpo Halo Max Sleep Earbuds | F31: 274.99 | G31: the Halo Max; Carpo Halo Max; Carrpo Halo Max; Halo Max earbuds | H31: 1 year limited | I31: FCC, CE, Bluetooth SIG Qualified | J31: N/A | K31: N/A | L31: N/A | M31: N/A | N31: USB-C charging case | O31: N/A | P31: 11 | Q31: 2 | R31: Longer battery than Clio Blaze Plus Sleep Earbuds [CLI-022-07] (11 vs 8 hrs); Lighter than Ananke Strata Air Sleep Earbuds [ANA-023-08] (2 g vs 4 g) | S31: sleep, travel, relaxation | T31: in_stock | U31: 30 | V31: 287.99 | W31: 2026-08-19 | X31: N/A | Y31: N/A | Z31: N/A | AA31: N/A
A32: CAR-002-10 | B32: Carpo | C32: Headphones & Earbuds | D32: Headphones | E32: Carpo Lumen Air Audiophile Planar Headphones | F32: 341.99 | G32: the Lumen Air; Carpo Lumen Air; Karpo Lumen Air; Lumen Air headphones | H32: 1 year limited | I32: CE, RoHS, Hi-Res Audio | J32: N/A | K32: N/A | L32: N/A | M32: N/A | N32: Detachable cable: 3.5mm, 6.35mm and 4.4mm balanced | O32: N/A | P32: N/A | Q32: 429 | R32: Lighter than Doris Vibe Pro Audiophile Planar Headphones [DOR-004-10] (429 g vs 514 g); Lower price than Glaucus Onyx Air Audiophile Planar Headphones [GLA-012-10] ($341.99 vs $865.99) | S32: audiophile, home listening, studio | T32: in_stock | U32: 30 | V32: 392.99 | W32: 2026-09-13 | X32: N/A | Y32: N/A | Z32: N/A | AA32: N/A
A33: HIM-003-01 | B33: Himeros | C33: Headphones & Earbuds | D33: Headphones | E33: Himeros Volt SE Kids Headphones | F33: 45.99 | G33: the Volt SE; Himeros Volt SE; Himreos Volt SE; Volt SE headphones | H33: 1 year limited | I33: FCC, CE, Bluetooth SIG Qualified, EN 71 Toy Safety | J33: N/A | K33: N/A | L33: N/A | M33: N/A | N33: USB-C charging, 3.5mm (85 dB limited) | O33: N/A | P33: 22 | Q33: 110 | R33: Longer battery than Carpo Apex Plus Kids Headphones [CAR-002-01] (22 vs 21 hrs); Lower price than Euphrosyne Vibe Max Kids Headphones [EUP-019-01] ($45.99 vs $52.99) | S33: kids, school, travel | T33: in_stock | U33: 30 | V33: 50.99 | W33: 2026-08-12 | X33: N/A | Y33: N/A | Z33: N/A | AA33: N/A
A34: HIM-003-02 | B34: Himeros | C34: Headphones & Earbuds | D34: Earbuds | E34: Himeros Echo SE Sport Earbuds | F34: 63.99 | G34: the Echo SE; Himeros Echo SE; Hmieros Echo SE; Echo SE earbuds | H34: 1 year limited | I34: FCC, CE, Bluetooth SIG Qualified, IP55 | J34: N/A | K34: N/A | L34: N/A | M34: N/A | N34: USB-C charging case | O34: N/A | P34: 7 | Q34: 5 | R34: Lower price than Hesperus Lumen Ultra Sport Earbuds [HES-025-05] ($63.99 vs $188.99); Lighter than Tethys Quanta Lite Sport Earbuds [TET-007-02] (5 g vs 6 g) | S34: gym, running, sport | T34: in_stock | U34: 30 | V34: 68.99 | W34: 2026-08-04 | X34: N/A | Y34: N/A | Z34: N/A | AA34: N/A
A35: HIM-003-03 | B35: Himeros | C35: Headphones & Earbuds | D35: Headphones | E35: Himeros Wave Max Bone Conduction Headphones | F35: 132.99 | G35: the Wave Max; Himeros Wave Max; Himeeros Wave Max; Wave Max headphones | H35: 1 year limited | I35: FCC, CE, Bluetooth SIG Qualified, IP67 | J35: N/A | K35: N/A | L35: N/A | M35: N/A | N35: Magnetic USB charging | O35: N/A | P35: 7 | Q35: 26 | R35: Lighter than Hedone Aria Bone Conduction Headphones [HED-010-05] (26 g vs 33 g); Longer battery than Ananke Orbit Plus Bone Conduction Headphones [ANA-023-03] (7 vs 6 hrs) | S35: running, cycling, outdoor | T35: in_stock | U35: 30 | V35: 149.99 | W35: 2026-08-01 | X35: N/A | Y35: N/A | Z35: N/A | AA35: N/A
A36: HIM-003-04 | B36: Himeros | C36: Headphones & Earbuds | D36: Earbuds | E36: Himeros Halo Pro Sleep Earbuds | F36: 161.99 | G36: the Halo Pro; Himeros Halo Pro; Hiimeros Halo Pro; Halo Pro earbuds | H36: 1 year limited | I36: FCC, CE, Bluetooth SIG Qualified | J36: N/A | K36: N/A | L36: N/A | M36: N/A | N36: USB-C charging case | O36: N/A | P36: 9 | Q36: 3 | R36: Lower price than Zeus Strata SE Sleep Earbuds [ZEU-013-07] ($161.99 vs $197.99); Lighter than Hebe Prism Pro Sleep Earbuds [HEB-011-07] (3 g vs 4 g) | S36: sleep, travel, relaxation | T36: in_stock | U36: 30 | V36: 183.99 | W36: 2026-08-29 | X36: N/A | Y36: N/A | Z36: N/A | AA36: N/A
A37: HIM-003-05 | B37: Himeros | C37: Headphones & Earbuds | D37: Earbuds | E37: Himeros Arc True Wireless Earbuds | F37: 166.99 | G37: the Arc; Himeros Arc; Himeross Arc; Arc earbuds | H37: 1 year limited | I37: FCC, CE, Bluetooth SIG Qualified, Hi-Res Audio Wireless | J37: N/A | K37: N/A | L37: N/A | M37: N/A | N37: USB-C charging case | O37: N/A | P37: 10 | Q37: 5 | R37: Longer battery than Nereus Onyx Air True Wireless Earbuds [NER-020-04] (10 vs 9 hrs); Lower price than Zeus Volt Max True Wireless Earbuds [ZEU-013-09] ($166.99 vs $289.99) | S37: commute, everyday, travel | T37: in_stock | U37: 30 | V37: 180.99 | W37: 2026-09-01 | X37: N/A | Y37: N/A | Z37: N/A | AA37: N/A
A38: HIM-003-06 | B38: Himeros | C38: Headphones & Earbuds | D38: Headphones | E38: Himeros Sable SE On-Ear Headphones | F38: 179.99 | G38: the Sable SE; Himeros Sable SE; Hiemros Sable SE; Sable SE headphones | H38: 1 year limited | I38: FCC, CE, Bluetooth SIG Qualified | J38: N/A | K38: N/A | L38: N/A | M38: N/A | N38: USB-C charging, 3.5mm | O38: N/A | P38: 55 | Q38: 179 | R38: Longer battery than Euphrosyne Blaze X On-Ear Headphones [EUP-019-03] (55 vs 35 hrs); Lighter than Tartarus Core X On-Ear Headphones [TAR-017-05] (179 g vs 208 g) | S38: everyday, commute, school | T38: in_stock | U38: 30 | V38: 204.99 | W38: 2026-09-19 | X38: N/A | Y38: N/A | Z38: N/A | AA38: N/A
A39: HIM-003-07 | B39: Himeros | C39: Headphones & Earbuds | D39: Headphones | E39: Himeros Flux Studio Monitor Headphones | F39: 195.99 | G39: the Flux; Himeros Flux; Himeroos Flux; Flux headphones | H39: 1 year limited | I39: CE, RoHS, Hi-Res Audio | J39: N/A | K39: N/A | L39: N/A | M39: N/A | N39: Detachable cable: 3.5mm with 6.35mm adapter | O39: N/A | P39: N/A | Q39: 349 | R39: Lower price than Asclepius Flux Lite Studio Monitor Headphones [ASC-024-08] ($195.99 vs $334.99); Lighter than Zeus Arc SE Studio Monitor Headphones [ZEU-013-05] (349 g vs 358 g) | S39: music production, studio, podcasting | T39: in_stock | U39: 30 | V39: 222.99 | W39: 2026-08-03 | X39: N/A | Y39: N/A | Z39: N/A | AA39: N/A
A40: HIM-003-08 | B40: Himeros | C40: Headphones & Earbuds | D40: Earbuds | E40: Himeros Aeon Lite Open-Ear Earbuds | F40: 215.99 | G40: the Aeon Lite; Himeros Aeon Lite; Himero Aeon Lite; Aeon Lite earbuds | H40: 1 year limited | I40: FCC, CE, Bluetooth SIG Qualified, IP55 | J40: N/A | K40: N/A | L40: N/A | M40: N/A | N40: USB-C charging case | O40: N/A | P40: 6 | Q40: 8 | R40: Lighter than Euphrosyne Flux Open-Ear Earbuds [EUP-019-07] (8 g vs 12 g) | S40: running, outdoor, office | T40: in_stock | U40: 30 | V40: 245.99 | W40: 2026-08-31 | X40: N/A | Y40: N/A | Z40: N/A | AA40: N/A
A41: HIM-003-09 | B41: Himeros | C41: Headphones & Earbuds | D41: Headset | E41: Himeros Sable Gaming Headset | F41: 221.99 | G41: the Sable; Himeros Sable; Himerros Sable; Sable headset | H41: 1 year limited | I41: FCC, CE, Bluetooth SIG Qualified | J41: N/A | K41: N/A | L41: N/A | M41: N/A | N41: USB-C, 3.5mm, 2.4GHz USB dongle | O41: N/A | P41: 40 | Q41: 376 | R41: Longer battery than Hedone Halo SE Gaming Headset [HED-010-01] (40 vs 37 hrs); Lower price than Glaucus Drift Pro Gaming Headset [GLA-012-07] ($221.99 vs $296.99) | S41: gaming, streaming, voice chat | T41: in_stock | U41: 30 | V41: 245.99 | W41: 2026-08-07 | X41: N/A | Y41: N/A | Z41: N/A | AA41: N/A
A42: HIM-003-10 | B42: Himeros | C42: Headphones & Earbuds | D42: Headphones | E42: Himeros Aeon Audiophile Planar Headphones | F42: 1139.99 | G42: the Aeon; Himeros Aeon; Himreos Aeon; Aeon headphones | H42: 1 year limited | I42: CE, RoHS, Hi-Res Audio | J42: N/A | K42: N/A | L42: N/A | M42: N/A | N42: Detachable cable: 3.5mm, 6.35mm and 4.4mm balanced | O42: N/A | P42: N/A | Q42: 538 | R42: Lighter than Achelous Axis Ultra Audiophile Planar Headphones [ACH-018-10] (538 g vs 550 g); Lower price than Deimos Orbit Plus Audiophile Planar Headphones [DEI-005-10] ($1,139.99 vs $1,455.99) | S42: audiophile, home listening, studio | T42: in_stock | U42: 30 | V42: 1284.99 | W42: 2026-09-03 | X42: N/A | Y42: N/A | Z42: N/A | AA42: N/A
A43: DOR-004-01 | B43: Doris | C43: Headphones & Earbuds | D43: Headphones | E43: Doris Halo SE Kids Headphones | F43: 48.99 | G43: the Halo SE; Doris Halo SE; Doriss Halo SE; Halo SE headphones | H43: 1 year limited | I43: FCC, CE, Bluetooth SIG Qualified, EN 71 Toy Safety | J43: N/A | K43: N/A | L43: N/A | M43: N/A | N43: USB-C charging, 3.5mm (85 dB limited) | O43: N/A | P43: 26 | Q43: 137 | R43: Lighter than Asclepius Drift X Kids Headphones [ASC-024-01] (137 g vs 164 g); Lower price than Tethys Pulse Kids Headphones [TET-007-01] ($48.99 vs $53.99) | S43: kids, school, travel | T43: in_stock | U43: 60 | V43: 54.99 | W43: 2026-09-09 | X43: N/A | Y43: N/A | Z43: N/A | AA43: N/A
A44: DOR-004-02 | B44: Doris | C44: Headphones & Earbuds | D44: Headphones | E44: Doris Echo X On-Ear Headphones | F44: 72.99 | G44: the Echo X; Doris Echo X; Dooris Echo X; Echo X headphones | H44: 1 year limited | I44: FCC, CE, Bluetooth SIG Qualified | J44: N/A | K44: N/A | L44: N/A | M44: N/A | N44: USB-C charging, 3.5mm | O44: N/A | P44: 51 | Q44: 168 | R44: Lighter than Ananke Flux SE On-Ear Headphones [ANA-023-04] (168 g vs 216 g); Lower price than Menoetius Sable Lite On-Ear Headphones [MEN-008-01] ($72.99 vs $99.99) | S44: everyday, commute, school | T44: in_stock | U44: 60 | V44: 77.99 | W44: 2026-08-24 | X44: N/A | Y44: N/A | Z44: N/A | AA44: N/A
A45: DOR-004-03 | B45: Doris | C45: Headphones & Earbuds | D45: Earbuds | E45: Doris Rift Ultra True Wireless Earbuds | F45: 115.99 | G45: the Rift Ultra; Doris Rift Ultra; Dooris Rift Ultra; Rift Ultra earbuds | H45: 1 year limited | I45: FCC, CE, Bluetooth SIG Qualified, Hi-Res Audio Wireless | J45: N/A | K45: N/A | L45: N/A | M45: N/A | N45: USB-C charging case | O45: N/A | P45: 6 | Q45: 4 | R45: Lower price than Hesperus Halo Pro True Wireless Earbuds [HES-025-07] ($115.99 vs $270.99); Lighter than Hedone Lumen Max True Wireless Earbuds [HED-010-07] (4 g vs 6 g) | S45: commute, everyday, travel | T45: in_stock | U45: 60 | V45: 128.99 | W45: 2026-08-12 | X45: N/A | Y45: N/A | Z45: N/A | AA45: N/A
A46: DOR-004-04 | B46: Doris | C46: Headphones & Earbuds | D46: Earbuds | E46: Doris Halo Wired In-Ear Monitors | F46: 165.99 | G46: the Halo; Doris Halo; Dorris Halo; Halo earbuds | H46: 1 year limited | I46: CE, RoHS, Hi-Res Audio | J46: N/A | K46: N/A | L46: N/A | M46: N/A | N46: Detachable 2-pin cable: 3.5mm | O46: N/A | P46: N/A | Q46: 40 | R46: Lower price than Deimos Rift Wired In-Ear Monitors [DEI-005-09] ($165.99 vs $398.99) | S46: audiophile, stage monitoring, music | T46: in_stock | U46: 60 | V46: 189.99 | W46: 2026-08-23 | X46: N/A | Y46: N/A | Z46: N/A | AA46: N/A
A47: DOR-004-05 | B47: Doris | C47: Headphones & Earbuds | D47: Earbuds | E47: Doris Vertex Air Sleep Earbuds | F47: 171.99 | G47: the Vertex Air; Doris Vertex Air; Dorris Vertex Air; Vertex Air earbuds | H47: 1 year limited | I47: FCC, CE, Bluetooth SIG Qualified | J47: N/A | K47: N/A | L47: N/A | M47: N/A | N47: USB-C charging case | O47: N/A | P47: 9 | Q47: 4 | R47: Lower price than Menoetius Pulse Lite Sleep Earbuds [MEN-008-06] ($171.99 vs $203.99); Longer battery than Soteria Echo Max Sleep Earbuds [SOT-014-06] (9 vs 8 hrs) | S47: sleep, travel, relaxation | T47: in_stock | U47: 60 | V47: 195.99 | W47: 2026-09-24 | X47: N/A | Y47: N/A | Z47: N/A | AA47: N/A
A48: DOR-004-06 | B48: Doris | C48: Headphones & Earbuds | D48: Headphones | E48: Doris Echo Lite Bone Conduction Headphones | F48: 193.99 | G48: the Echo Lite; Doris Echo Lite; Drois Echo Lite; Echo Lite headphones | H48: 1 year limited | I48: FCC, CE, Bluetooth SIG Qualified, IP67 | J48: N/A | K48: N/A | L48: N/A | M48: N/A | N48: Magnetic USB charging | O48: N/A | P48: 9 | Q48: 30 | R48: Lighter than Asteria Drift Air Bone Conduction Headphones [AST-006-05] (30 g vs 34 g); Lower price than Morpheus Pulse X Bone Conduction Headphones [MOR-001-06] ($193.99 vs $195.99) | S48: running, cycling, outdoor | T48: out_of_stock | U48: 60 | V48: 220.99 | W48: 2026-08-20 | X48: N/A | Y48: N/A | Z48: N/A | AA48: N/A
A49: DOR-004-07 | B49: Doris | C49: Headphones & Earbuds | D49: Headset | E49: Doris Echo Plus Gaming Headset | F49: 325.99 | G49: the Echo Plus; Doris Echo Plus; Dooris Echo Plus; Echo Plus headset | H49: 1 year limited | I49: FCC, CE, Bluetooth SIG Qualified | J49: N/A | K49: N/A | L49: N/A | M49: N/A | N49: USB-C, 3.5mm, 2.4GHz USB dongle | O49: N/A | P49: 44 | Q49: 299 | R49: Lighter than Poseidon Sable X Gaming Headset [POS-021-06] (299 g vs 358 g); Longer battery than Euphrosyne Arc Plus Gaming Headset [EUP-019-06] (44 vs 22 hrs) | S49: gaming, streaming, voice chat | T49: in_stock | U49: 60 | V49: 363.99 | W49: 2026-08-02 | X49: N/A | Y49: N/A | Z49: N/A | AA49: N/A
A50: DOR-004-08 | B50: Doris | C50: Headphones & Earbuds | D50: Headphones | E50: Doris Pulse SE ANC Over-Ear Headphones | F50: 342.99 | G50: the Pulse SE; Doris Pulse SE; Doriis Pulse SE; Pulse SE headphones | H50: 1 year limited | I50: FCC, CE, Bluetooth SIG Qualified | J50: N/A | K50: N/A | L50: N/A | M50: N/A | N50: USB-C charging and audio, 3.5mm | O50: N/A | P50: 49 | Q50: 283 | R50: Lower price than Chaos Aria Pro ANC Over-Ear Headphones [CHA-016-09] ($342.99 vs $501.99); Longer battery than Ananke Zen Max ANC Over-Ear Headphones [ANA-023-07] (49 vs 20 hrs) | S50: travel, commute, office | T50: in_stock | U50: 60 | V50: 391.99 | W50: 2026-08-07 | X50: N/A | Y50: N/A | Z50: N/A | AA50: N/A
A51: DOR-004-09 | B51: Doris | C51: Headphones & Earbuds | D51: Headphones | E51: Doris Rift Air Studio Monitor Headphones | F51: 355.99 | G51: the Rift Air; Doris Rift Air; Doirs Rift Air; Rift Air headphones | H51: 1 year limited | I51: CE, RoHS, Hi-Res Audio | J51: N/A | K51: N/A | L51: N/A | M51: N/A | N51: Detachable cable: 3.5mm with 6.35mm adapter | O51: N/A | P51: N/A | Q51: 333 | R51: Lower price than Morpheus Onyx Air Studio Monitor Headphones [MOR-001-09] ($355.99 vs $374.99); Lighter than Hesperus Onyx Air Studio Monitor Headphones [HES-025-08] (333 g vs 338 g) | S51: music production, studio, podcasting | T51: in_stock | U51: 60 | V51: 390.99 | W51: 2026-08-25 | X51: N/A | Y51: N/A | Z51: N/A | AA51: N/A
A52: DOR-004-10 | B52: Doris | C52: Headphones & Earbuds | D52: Headphones | E52: Doris Vibe Pro Audiophile Planar Headphones | F52: 1294.99 | G52: the Vibe Pro; Doris Vibe Pro; Drois Vibe Pro; Vibe Pro headphones | H52: 1 year limited | I52: CE, RoHS, Hi-Res Audio | J52: N/A | K52: N/A | L52: N/A | M52: N/A | N52: Detachable cable: 3.5mm, 6.35mm and 4.4mm balanced | O52: N/A | P52: N/A | Q52: 514 | R52: Lighter than Achelous Axis Ultra Audiophile Planar Headphones [ACH-018-10] (514 g vs 550 g); Lower price than Ananke Aria Audiophile Planar Headphones [ANA-023-10] ($1,294.99 vs $1,351.99) | S52: audiophile, home listening, studio | T52: in_stock | U52: 60 | V52: 1391.99 | W52: 2026-09-06 | X52: N/A | Y52: N/A | Z52: N/A | AA52: N/A
A53: DEI-005-01 | B53: Deimos | C53: Headphones & Earbuds | D53: Headphones | E53: Deimos Aeon X On-Ear Headphones | F53: 60.99 | G53: the Aeon X; Deimos Aeon X; Deimoss Aeon X; Aeon X headphones | H53: 1 year limited | I53: FCC, CE, Bluetooth SIG Qualified | J53: N/A | K53: N/A | L53: N/A | M53: N/A | N53: USB-C charging, 3.5mm | O53: N/A | P53: 37 | Q53: 160 | R53: Lower price than Tartarus Core X On-Ear Headphones [TAR-017-05] ($60.99 vs $145.99); Longer battery than Euphrosyne Blaze X On-Ear Headphones [EUP-019-03] (37 vs 35 hrs) | S53: everyday, commute, school | T53: low_stock | U53: 15 | V53: 64.99 | W53: 2026-09-12 | X53: N/A | Y53: N/A | Z53: N/A | AA53: N/A
A54: DEI-005-02 | B54: Deimos | C54: Headphones & Earbuds | D54: Earbuds | E54: Deimos Quanta X Sport Earbuds | F54: 68.99 | G54: the Quanta X; Deimos Quanta X; Deimoss Quanta X; Quanta X earbuds | H54: 1 year limited | I54: FCC, CE, Bluetooth SIG Qualified, IPX4 | J54: N/A | K54: N/A | L54: N/A | M54: N/A | N54: USB-C charging case | O54: N/A | P54: 10 | Q54: 6 | R54: Longer battery than Chaos Flux SE Sport Earbuds [CHA-016-05] (10 vs 8 hrs); Lighter than Asteria Core Sport Earbuds [AST-006-02] (6 g vs 9 g) | S54: gym, running, sport | T54: in_stock | U54: 15 | V54: 72.99 | W54: 2026-09-22 | X54: N/A | Y54: N/A | Z54: N/A | AA54: N/A
A55: DEI-005-03 | B55: Deimos | C55: Headphones & Earbuds | D55: Headphones | E55: Deimos Crest Bone Conduction Headphones | F55: 83.99 | G55: the Crest; Deimos Crest; Deimoos Crest; Crest headphones | H55: 1 year limited | I55: FCC, CE, Bluetooth SIG Qualified, IP67 | J55: N/A | K55: N/A | L55: N/A | M55: N/A | N55: Magnetic USB charging | O55: N/A | P55: 6 | Q55: 35 | R55: Lower price than Nereus Nova Pro Bone Conduction Headphones [NER-020-05] ($83.99 vs $116.99) | S55: running, cycling, outdoor | T55: in_stock | U55: 15 | V55: 90.99 | W55: 2026-08-14 | X55: N/A | Y55: N/A | Z55: N/A | AA55: N/A
A56: DEI-005-04 | B56: Deimos | C56: Headphones & Earbuds | D56: Earbuds | E56: Deimos Lumen X True Wireless Earbuds | F56: 111.99 | G56: the Lumen X; Deimos Lumen X; Deioms Lumen X; Lumen X earbuds | H56: 1 year limited | I56: FCC, CE, Bluetooth SIG Qualified, IPX4 | J56: N/A | K56: N/A | L56: N/A | M56: N/A | N56: USB-C charging case | O56: N/A | P56: 10 | Q56: 5 | R56: Longer battery than Doris Rift Ultra True Wireless Earbuds [DOR-004-03] (10 vs 6 hrs); Lower price than Poseidon Axis X True Wireless Earbuds [POS-021-05] ($111.99 vs $163.99) | S56: commute, everyday, travel | T56: in_stock | U56: 15 | V56: 120.99 | W56: 2026-09-06 | X56: N/A | Y56: N/A | Z56: N/A | AA56: N/A
A57: DEI-005-05 | B57: Deimos | C57: Headphones & Earbuds | D57: Earbuds | E57: Deimos Aeon Plus Open-Ear Earbuds | F57: 154.99 | G57: the Aeon Plus; Deimos Aeon Plus; Deiimos Aeon Plus; Aeon Plus earbuds | H57: 1 year limited | I57: FCC, CE, Bluetooth SIG Qualified, IP55 | J57: N/A | K57: N/A | L57: N/A | M57: N/A | N57: USB-C charging case | O57: N/A | P57: 6 | Q57: 8 | R57: Lighter than Zeus Strata X Open-Ear Earbuds [ZEU-013-02] (8 g vs 12 g); Lower price than Morpheus Arc Open-Ear Earbuds [MOR-001-04] ($154.99 vs $156.99) | S57: running, outdoor, office | T57: in_stock | U57: 15 | V57: 175.99 | W57: 2026-09-21 | X57: N/A | Y57: N/A | Z57: N/A | AA57: N/A
A58: DEI-005-06 | B58: Deimos | C58: Headphones & Earbuds | D58: Earbuds | E58: Deimos Halo Plus Sleep Earbuds | F58: 164.99 | G58: the Halo Plus; Deimos Halo Plus; Deimoss Halo Plus; Halo Plus earbuds | H58: 1 year limited | I58: FCC, CE, Bluetooth SIG Qualified | J58: N/A | K58: N/A | L58: N/A | M58: N/A | N58: USB-C charging case | O58: N/A | P58: 10 | Q58: 4 | R58: Longer battery than Himeros Halo Pro Sleep Earbuds [HIM-003-04] (10 vs 9 hrs); Lower price than Doris Vertex Air Sleep Earbuds [DOR-004-05] ($164.99 vs $171.99) | S58: sleep, travel, relaxation | T58: in_stock | U58: 15 | V58: 171.99 | W58: 2026-09-10 | X58: N/A | Y58: N/A | Z58: N/A | AA58: N/A
A59: DEI-005-07 | B59: Deimos | C59: Headphones & Earbuds | D59: Headphones | E59: Deimos Core SE Studio Monitor Headphones | F59: 220.99 | G59: the Core SE; Deimos Core SE; Deeimos Core SE; Core SE headphones | H59: 1 year limited | I59: CE, RoHS, Hi-Res Audio | J59: N/A | K59: N/A | L59: N/A | M59: N/A | N59: Detachable cable: 3.5mm with 6.35mm adapter | O59: N/A | P59: N/A | Q59: 316 | R59: Lower price than Glaucus Strata Ultra Studio Monitor Headphones [GLA-012-09] ($220.99 vs $478.99); Lighter than Carpo Nova Plus Studio Monitor Headphones [CAR-002-07] (316 g vs 361 g) | S59: music production, studio, podcasting | T59: in_stock | U59: 15 | V59: 250.99 | W59: 2026-08-11 | X59: N/A | Y59: N/A | Z59: N/A | AA59: N/A
A60: DEI-005-08 | B60: Deimos | C60: Headphones & Earbuds | D60: Headphones | E60: Deimos Apex X ANC Over-Ear Headphones | F60: 362.99 | G60: the Apex X; Deimos Apex X; Deiimos Apex X; Apex X headphones | H60: 1 year limited | I60: FCC, CE, Bluetooth SIG Qualified, Hi-Res Audio Wireless | J60: N/A | K60: N/A | L60: N/A | M60: N/A | N60: USB-C charging and audio, 3.5mm | O60: N/A | P60: 36 | Q60: 273 | R60: Lighter than Glaucus Core Pro ANC Over-Ear Headphones [GLA-012-08] (273 g vs 282 g); Longer battery than Soteria Drift SE ANC Over-Ear Headphones [SOT-014-08] (36 vs 21 hrs) | S60: travel, commute, office | T60: low_stock | U60: 15 | V60: 408.99 | W60: 2026-09-13 | X60: N/A | Y60: N/A | Z60: N/A | AA60: N/A
A61: DEI-005-09 | B61: Deimos | C61: Headphones & Earbuds | D61: Earbuds | E61: Deimos Rift Wired In-Ear Monitors | F61: 398.99 | G61: the Rift; Deimos Rift; Deiimos Rift; Rift earbuds | H61: 1 year limited | I61: CE, RoHS, Hi-Res Audio | J61: N/A | K61: N/A | L61: N/A | M61: N/A | N61: Detachable 2-pin cable: 3.5mm and 4.4mm balanced | O61: N/A | P61: N/A | Q61: 18 | R61: Lighter than Poseidon Pulse SE Wired In-Ear Monitors [POS-021-03] (18 g vs 25 g) | S61: audiophile, stage monitoring, music | T61: in_stock | U61: 15 | V61: 454.99 | W61: 2026-09-12 | X61: N/A | Y61: N/A | Z61: N/A | AA61: N/A
A62: DEI-005-10 | B62: Deimos | C62: Headphones & Earbuds | D62: Headphones | E62: Deimos Orbit Plus Audiophile Planar Headphones | F62: 1455.99 | G62: the Orbit Plus; Deimos Orbit Plus; Deioms Orbit Plus; Orbit Plus headphones | H62: 1 year limited | I62: CE, RoHS, Hi-Res Audio | J62: N/A | K62: N/A | L62: N/A | M62: N/A | N62: Detachable cable: 3.5mm, 6.35mm and 4.4mm balanced | O62: N/A | P62: N/A | Q62: 460 | R62: Lighter than Tartarus Pulse Ultra Audiophile Planar Headphones [TAR-017-10] (460 g vs 497 g) | S62: audiophile, home listening, studio | T62: low_stock | U62: 15 | V62: 1614.99 | W62: 2026-08-31 | X62: N/A | Y62: N/A | Z62: N/A | AA62: N/A
A63: AST-006-01 | B63: Asteria | C63: Headphones & Earbuds | D63: Headphones | E63: Asteria Apex Air On-Ear Headphones | F63: 60.99 | G63: the Apex Air; Asteria Apex Air; Atseria Apex Air; Apex Air headphones | H63: 1 year limited | I63: FCC, CE, Bluetooth SIG Qualified | J63: N/A | K63: N/A | L63: N/A | M63: N/A | N63: USB-C charging, 3.5mm | O63: N/A | P63: 49 | Q63: 187 | R63: Longer battery than Tethys Pulse Plus On-Ear Headphones [TET-007-03] (49 vs 38 hrs); Lighter than Asclepius Vertex On-Ear Headphones [ASC-024-05] (187 g vs 220 g) | S63: everyday, commute, school | T63: in_stock | U63: 15 | V63: 67.99 | W63: 2026-08-26 | X63: N/A | Y63: N/A | Z63: N/A | AA63: N/A
A64: AST-006-02 | B64: Asteria | C64: Headphones & Earbuds | D64: Earbuds | E64: Asteria Core Sport Earbuds | F64: 72.99 | G64: the Core; Asteria Core; Asteriaa Core; Core earbuds | H64: 1 year limited | I64: FCC, CE, Bluetooth SIG Qualified, IPX5 | J64: N/A | K64: N/A | L64: N/A | M64: N/A | N64: USB-C charging case | O64: N/A | P64: 8 | Q64: 9 | R64: Lower price than Asclepius Aria Sport Earbuds [ASC-024-02] ($72.99 vs $95.99); Longer battery than Achelous Core Max Sport Earbuds [ACH-018-04] (8 vs 6 hrs) | S64: gym, running, sport | T64: in_stock | U64: 15 | V64: 78.99 | W64: 2026-09-16 | X64: N/A | Y64: N/A | Z64: N/A | AA64: N/A
A65: AST-006-03 | B65: Asteria | C65: Headphones & Earbuds | D65: Headset | E65: Asteria Core Max Gaming Headset | F65: 127.99 | G65: the Core Max; Asteria Core Max; Asteriaa Core Max; Core Max headset | H65: 1 year limited | I65: FCC, CE, Bluetooth SIG Qualified | J65: N/A | K65: N/A | L65: N/A | M65: N/A | N65: USB-C, 3.5mm, 2.4GHz USB dongle | O65: N/A | P65: 47 | Q65: 372 | R65: Lower price than Ananke Vertex Gaming Headset [ANA-023-09] ($127.99 vs $284.99); Longer battery than Euphrosyne Arc Plus Gaming Headset [EUP-019-06] (47 vs 22 hrs) | S65: gaming, streaming, voice chat | T65: in_stock | U65: 15 | V65: 143.99 | W65: 2026-09-23 | X65: N/A | Y65: N/A | Z65: N/A | AA65: N/A
A66: AST-006-04 | B66: Asteria | C66: Headphones & Earbuds | D66: Earbuds | E66: Asteria Volt Max Wired In-Ear Monitors | F66: 139.99 | G66: the Volt Max; Asteria Volt Max; Asteriaa Volt Max; Volt Max earbuds | H66: 1 year limited | I66: CE, RoHS, Hi-Res Audio | J66: N/A | K66: N/A | L66: N/A | M66: N/A | N66: Detachable 2-pin cable: 3.5mm | O66: N/A | P66: N/A | Q66: 21 | R66: Lighter than Asclepius Spark Wired In-Ear Monitors [ASC-024-09] (21 g vs 40 g); Lower price than Euphrosyne Axis Lite Wired In-Ear Monitors [EUP-019-04] ($139.99 vs $163.99) | S66: audiophile, stage monitoring, music | T66: in_stock | U66: 15 | V66: 153.99 | W66: 2026-08-07 | X66: N/A | Y66: N/A | Z66: N/A | AA66: N/A
A67: AST-006-05 | B67: Asteria | C67: Headphones & Earbuds | D67: Headphones | E67: Asteria Drift Air Bone Conduction Headphones | F67: 181.99 | G67: the Drift Air; Asteria Drift Air; Astreia Drift Air; Drift Air headphones | H67: 1 year limited | I67: FCC, CE, Bluetooth SIG Qualified, IP67 | J67: N/A | K67: N/A | L67: N/A | M67: N/A | N67: Magnetic USB charging | O67: N/A | P67: 6 | Q67: 34 | R67: Lower price than Doris Echo Lite Bone Conduction Headphones [DOR-004-06] ($181.99 vs $193.99); Lighter than Tartarus Volt Max Bone Conduction Headphones [TAR-017-03] (34 g vs 35 g) | S67: running, cycling, outdoor | T67: low_stock | U67: 15 | V67: 193.99 | W67: 2026-09-12 | X67: N/A | Y67: N/A | Z67: N/A | AA67: N/A
A68: AST-006-06 | B68: Asteria | C68: Headphones & Earbuds | D68: Earbuds | E68: Asteria Halo Plus True Wireless Earbuds | F68: 202.99 | G68: the Halo Plus; Asteria Halo Plus; Asetria Halo Plus; Halo Plus earbuds | H68: 1 year limited | I68: FCC, CE, Bluetooth SIG Qualified, IPX4 | J68: N/A | K68: N/A | L68: N/A | M68: N/A | N68: USB-C charging case | O68: N/A | P68: 10 | Q68: 4 | R68: Lower price than Hesperus Halo Pro True Wireless Earbuds [HES-025-07] ($202.99 vs $270.99); Lighter than Euphrosyne Prism True Wireless Earbuds [EUP-019-02] (4 g vs 6 g) | S68: commute, everyday, travel | T68: in_stock | U68: 15 | V68: 217.99 | W68: 2026-09-20 | X68: N/A | Y68: N/A | Z68: N/A | AA68: N/A
A69: AST-006-07 | B69: Asteria | C69: Headphones & Earbuds | D69: Headphones | E69: Asteria Aeon Air ANC Over-Ear Headphones | F69: 228.99 | G69: the Aeon Air; Asteria Aeon Air; Asteriia Aeon Air; Aeon Air headphones | H69: 1 year limited | I69: FCC, CE, Bluetooth SIG Qualified | J69: N/A | K69: N/A | L69: N/A | M69: N/A | N69: USB-C charging and audio, 3.5mm | O69: N/A | P69: 53 | Q69: 265 | R69: Longer battery than Ananke Zen Max ANC Over-Ear Headphones [ANA-023-07] (53 vs 20 hrs); Lighter than Deimos Apex X ANC Over-Ear Headphones [DEI-005-08] (265 g vs 273 g) | S69: travel, commute, office | T69: in_stock | U69: 15 | V69: 249.99 | W69: 2026-08-15 | X69: N/A | Y69: N/A | Z69: N/A | AA69: N/A
A70: AST-006-08 | B70: Asteria | C70: Headphones & Earbuds | D70: Headphones | E70: Asteria Rift Studio Monitor Headphones | F70: 251.99 | G70: the Rift; Asteria Rift; Asteriia Rift; Rift headphones | H70: 1 year limited | I70: CE, RoHS, Hi-Res Audio | J70: N/A | K70: N/A | L70: N/A | M70: N/A | N70: Detachable cable: 3.5mm with 6.35mm adapter | O70: N/A | P70: N/A | Q70: 282 | R70: Lower price than Soteria Zen Pro Studio Monitor Headphones [SOT-014-09] ($251.99 vs $292.99); Lighter than Himeros Flux Studio Monitor Headphones [HIM-003-07] (282 g vs 349 g) | S70: music production, studio, podcasting | T70: in_stock | U70: 15 | V70: 267.99 | W70: 2026-09-17 | X70: N/A | Y70: N/A | Z70: N/A | AA70: N/A
A71: AST-006-09 | B71: Asteria | C71: Headphones & Earbuds | D71: Earbuds | E71: Asteria Prism X Sleep Earbuds | F71: 278.99 | G71: the Prism X; Asteria Prism X; Asteeria Prism X; Prism X earbuds | H71: 1 year limited | I71: FCC, CE, Bluetooth SIG Qualified | J71: N/A | K71: N/A | L71: N/A | M71: N/A | N71: USB-C charging case | O71: N/A | P71: 9 | Q71: 3 | R71: Lighter than Deimos Halo Plus Sleep Earbuds [DEI-005-06] (3 g vs 4 g); Longer battery than Clio Blaze Plus Sleep Earbuds [CLI-022-07] (9 vs 8 hrs) | S71: sleep, travel, relaxation | T71: in_stock | U71: 15 | V71: 294.99 | W71: 2026-09-01 | X71: N/A | Y71: N/A | Z71: N/A | AA71: N/A
A72: AST-006-10 | B72: Asteria | C72: Headphones & Earbuds | D72: Headphones | E72: Asteria Blaze Air Audiophile Planar Headphones | F72: 517.99 | G72: the Blaze Air; Asteria Blaze Air; Asteeria Blaze Air; Blaze Air headphones | H72: 1 year limited | I72: CE, RoHS, Hi-Res Audio | J72: N/A | K72: N/A | L72: N/A | M72: N/A | N72: Detachable cable: 3.5mm, 6.35mm and 4.4mm balanced | O72: N/A | P72: N/A | Q72: 387 | R72: Lighter than Glaucus Onyx Air Audiophile Planar Headphones [GLA-012-10] (387 g vs 484 g); Lower price than Chaos Sable X Audiophile Planar Headphones [CHA-016-10] ($517.99 vs $545.99) | S72: audiophile, home listening, studio | T72: in_stock | U72: 15 | V72: 595.99 | W72: 2026-09-06 | X72: N/A | Y72: N/A | Z72: N/A | AA72: N/A
A73: TET-007-01 | B73: Tethys | C73: Headphones & Earbuds | D73: Headphones | E73: Tethys Pulse Kids Headphones | F73: 53.99 | G73: the Pulse; Tethys Pulse; Tethyys Pulse; Pulse headphones | H73: 1 year limited | I73: FCC, CE, Bluetooth SIG Qualified, EN 71 Toy Safety | J73: N/A | K73: N/A | L73: N/A | M73: N/A | N73: USB-C charging, 3.5mm (85 dB limited) | O73: N/A | P73: 20 | Q73: 111 | R73: Lighter than Phosphorus Core Kids Headphones [PHO-009-01] (111 g vs 149 g); Lower price than Soteria Lumen Kids Headphones [SOT-014-01] ($53.99 vs $55.99) | S73: kids, school, travel | T73: in_stock | U73: 30 | V73: 59.99 | W73: 2026-08-23 | X73: N/A | Y73: N/A | Z73: N/A | AA73: N/A
A74: TET-007-02 | B74: Tethys | C74: Headphones & Earbuds | D74: Earbuds | E74: Tethys Quanta Lite Sport Earbuds | F74: 57.99 | G74: the Quanta Lite; Tethys Quanta Lite; Teethys Quanta Lite; Quanta Lite earbuds | H74: 1 year limited | I74: FCC, CE, Bluetooth SIG Qualified, IP55 | J74: N/A | K74: N/A | L74: N/A | M74: N/A | N74: USB-C charging case | O74: N/A | P74: 8 | Q74: 6 | R74: Lighter than Hesperus Lumen Ultra Sport Earbuds [HES-025-05] (6 g vs 9 g); Lower price than Phosphorus Crest Air Sport Earbuds [PHO-009-04] ($57.99 vs $149.99) | S74: gym, running, sport | T74: out_of_stock | U74: 30 | V74: 66.99 | W74: 2026-08-17 | X74: N/A | Y74: N/A | Z74: N/A | AA74: N/A
A75: TET-007-03 | B75: Tethys | C75: Headphones & Earbuds | D75: Headphones | E75: Tethys Pulse Plus On-Ear Headphones | F75: 69.99 | G75: the Pulse Plus; Tethys Pulse Plus; Ttehys Pulse Plus; Pulse Plus headphones | H75: 1 year limited | I75: FCC, CE, Bluetooth SIG Qualified | J75: N/A | K75: N/A | L75: N/A | M75: N/A | N75: USB-C charging, 3.5mm | O75: N/A | P75: 38 | Q75: 203 | R75: Longer battery than Euphrosyne Blaze X On-Ear Headphones [EUP-019-03] (38 vs 35 hrs); Lower price than Hedone Nimbus Max On-Ear Headphones [HED-010-04] ($69.99 vs $141.99) | S75: everyday, commute, school | T75: in_stock | U75: 30 | V75: 76.99 | W75: 2026-09-05 | X75: N/A | Y75: N/A | Z75: N/A | AA75: N/A
A76: TET-007-04 | B76: Tethys | C76: Headphones & Earbuds | D76: Headset | E76: Tethys Vertex Lite Gaming Headset | F76: 123.99 | G76: the Vertex Lite; Tethys Vertex Lite; Tethis Vertex Lite; Vertex Lite headset | H76: 1 year limited | I76: FCC, CE, Bluetooth SIG Qualified | J76: N/A | K76: N/A | L76: N/A | M76: N/A | N76: USB-C, 3.5mm, 2.4GHz USB dongle | O76: N/A | P76: 60 | Q76: 291 | R76: Lighter than Hedone Halo SE Gaming Headset [HED-010-01] (291 g vs 297 g); Lower price than Menoetius Wave Gaming Headset [MEN-008-05] ($123.99 vs $184.99) | S76: gaming, streaming, voice chat | T76: in_stock | U76: 30 | V76: 142.99 | W76: 2026-08-12 | X76: N/A | Y76: N/A | Z76: N/A | AA76: N/A
A77: TET-007-05 | B77: Tethys | C77: Headphones & Earbuds | D77: Earbuds | E77: Tethys Drift Max Sleep Earbuds | F77: 131.99 | G77: the Drift Max; Tethys Drift Max; Tethis Drift Max; Drift Max earbuds | H77: 1 year limited | I77: FCC, CE, Bluetooth SIG Qualified | J77: N/A | K77: N/A | L77: N/A | M77: N/A | N77: USB-C charging case | O77: N/A | P77: 9 | Q77: 4 | R77: Lower price than Menoetius Pulse Lite Sleep Earbuds [MEN-008-06] ($131.99 vs $203.99); Longer battery than Phosphorus Nimbus X Sleep Earbuds [PHO-009-03] (9 vs 8 hrs) | S77: sleep, travel, relaxation | T77: low_stock | U77: 30 | V77: 147.99 | W77: 2026-08-05 | X77: N/A | Y77: N/A | Z77: N/A | AA77: N/A
A78: TET-007-06 | B78: Tethys | C78: Headphones & Earbuds | D78: Headphones | E78: Tethys Axis SE Bone Conduction Headphones | F78: 148.99 | G78: the Axis SE; Tethys Axis SE; Tethyss Axis SE; Axis SE headphones | H78: 1 year limited | I78: FCC, CE, Bluetooth SIG Qualified, IP67 | J78: N/A | K78: N/A | L78: N/A | M78: N/A | N78: Magnetic USB charging | O78: N/A | P78: 8 | Q78: 31 | R78: Longer battery than Deimos Crest Bone Conduction Headphones [DEI-005-03] (8 vs 6 hrs); Lighter than Soteria Zen SE Bone Conduction Headphones [SOT-014-05] (31 g vs 34 g) | S78: running, cycling, outdoor | T78: in_stock | U78: 30 | V78: 157.99 | W78: 2026-08-26 | X78: N/A | Y78: N/A | Z78: N/A | AA78: N/A
A79: TET-007-07 | B79: Tethys | C79: Headphones & Earbuds | D79: Headphones | E79: Tethys Quanta Plus ANC Over-Ear Headphones | F79: 168.99 | G79: the Quanta Plus; Tethys Quanta Plus; Tethis Quanta Plus; Quanta Plus headphones | H79: 1 year limited | I79: FCC, CE, Bluetooth SIG Qualified | J79: N/A | K79: N/A | L79: N/A | M79: N/A | N79: USB-C charging and audio, 3.5mm | O79: N/A | P79: 60 | Q79: 278 | R79: Longer battery than Carpo Nova ANC Over-Ear Headphones [CAR-002-08] (60 vs 26 hrs); Lower price than Tartarus Crest SE ANC Over-Ear Headphones [TAR-017-09] ($168.99 vs $439.99) | S79: travel, commute, office | T79: in_stock | U79: 30 | V79: 192.99 | W79: 2026-09-10 | X79: N/A | Y79: N/A | Z79: N/A | AA79: N/A
A80: TET-007-08 | B80: Tethys | C80: Headphones & Earbuds | D80: Headphones | E80: Tethys Blaze Ultra Studio Monitor Headphones | F80: 180.99 | G80: the Blaze Ultra; Tethys Blaze Ultra; Teethys Blaze Ultra; Blaze Ultra headphones | H80: 1 year limited | I80: CE, RoHS, Hi-Res Audio | J80: N/A | K80: N/A | L80: N/A | M80: N/A | N80: Detachable cable: 3.5mm with 6.35mm adapter | O80: N/A | P80: N/A | Q80: 355 | R80: Lighter than Carpo Nova Plus Studio Monitor Headphones [CAR-002-07] (355 g vs 361 g); Lower price than Himeros Flux Studio Monitor Headphones [HIM-003-07] ($180.99 vs $195.99) | S80: music production, studio, podcasting | T80: in_stock | U80: 30 | V80: 203.99 | W80: 2026-08-04 | X80: N/A | Y80: N/A | Z80: N/A | AA80: N/A
A81: TET-007-09 | B81: Tethys | C81: Headphones & Earbuds | D81: Earbuds | E81: Tethys Echo Plus True Wireless Earbuds | F81: 187.99 | G81: the Echo Plus; Tethys Echo Plus; Tethy Echo Plus; Echo Plus earbuds | H81: 1 year limited | I81: FCC, CE, Bluetooth SIG Qualified, IPX4 | J81: N/A | K81: N/A | L81: N/A | M81: N/A | N81: USB-C charging case | O81: N/A | P81: 9 | Q81: 7 | R81: Lower price than Asteria Halo Plus True Wireless Earbuds [AST-006-06] ($187.99 vs $202.99); Longer battery than Aura Halo Ultra True Wireless Earbuds [AUR-015-08] (9 vs 7 hrs) | S81: commute, everyday, travel | T81: out_of_stock | U81: 30 | V81: 211.99 | W81: 2026-09-17 | X81: N/A | Y81: N/A | Z81: N/A | AA81: N/A
A82: TET-007-10 | B82: Tethys | C82: Headphones & Earbuds | D82: Headphones | E82: Tethys Prism Plus Audiophile Planar Headphones | F82: 383.99 | G82: the Prism Plus; Tethys Prism Plus; Tehtys Prism Plus; Prism Plus headphones | H82: 1 year limited | I82: CE, RoHS, Hi-Res Audio | J82: N/A | K82: N/A | L82: N/A | M82: N/A | N82: Detachable cable: 3.5mm, 6.35mm and 4.4mm balanced | O82: N/A | P82: N/A | Q82: 519 | R82: Lower price than Morpheus Onyx Lite Audiophile Planar Headphones [MOR-001-10] ($383.99 vs $1,063.99); Lighter than Himeros Aeon Audiophile Planar Headphones [HIM-003-10] (519 g vs 538 g) | S82: audiophile, home listening, studio | T82: in_stock | U82: 30 | V82: 411.99 | W82: 2026-08-06 | X82: N/A | Y82: N/A | Z82: N/A | AA82: N/A
A83: MEN-008-01 | B83: Menoetius | C83: Headphones & Earbuds | D83: Headphones | E83: Menoetius Sable Lite On-Ear Headphones | F83: 99.99 | G83: the Sable Lite; Menoetius Sable Lite; Menooetius Sable Lite; Sable Lite headphones | H83: 1 year limited | I83: FCC, CE, Bluetooth SIG Qualified | J83: N/A | K83: N/A | L83: N/A | M83: N/A | N83: USB-C charging, 3.5mm | O83: N/A | P83: 47 | Q83: 187 | R83: Lighter than Carpo Nova On-Ear Headphones [CAR-002-02] (187 g vs 189 g); Lower price than Poseidon Arc Lite On-Ear Headphones [POS-021-08] ($99.99 vs $197.99) | S83: everyday, commute, school | T83: in_stock | U83: 30 | V83: 108.99 | W83: 2026-08-30 | X83: N/A | Y83: N/A | Z83: N/A | AA83: N/A
A84: MEN-008-02 | B84: Menoetius | C84: Headphones & Earbuds | D84: Earbuds | E84: Menoetius Pulse Pro True Wireless Earbuds | F84: 105.99 | G84: the Pulse Pro; Menoetius Pulse Pro; Menooetius Pulse Pro; Pulse Pro earbuds | H84: 1 year limited | I84: FCC, CE, Bluetooth SIG Qualified, IPX4 | J84: N/A | K84: N/A | L84: N/A | M84: N/A | N84: USB-C charging case | O84: N/A | P84: 9 | Q84: 5 | R84: Lighter than Hedone Lumen Max True Wireless Earbuds [HED-010-07] (5 g vs 6 g); Lower price than Deimos Lumen X True Wireless Earbuds [DEI-005-04] ($105.99 vs $111.99) | S84: commute, everyday, travel | T84: in_stock | U84: 30 | V84: 109.99 | W84: 2026-09-25 | X84: N/A | Y84: N/A | Z84: N/A | AA84: N/A
A85: MEN-008-03 | B85: Menoetius | C85: Headphones & Earbuds | D85: Earbuds | E85: Menoetius Strata Open-Ear Earbuds | F85: 175.99 | G85: the Strata; Menoetius Strata; Menoetios Strata; Strata earbuds | H85: 1 year limited | I85: FCC, CE, Bluetooth SIG Qualified, IP55 | J85: N/A | K85: N/A | L85: N/A | M85: N/A | N85: USB-C charging case | O85: N/A | P85: 10 | Q85: 10 | R85: Lower price than Himeros Aeon Lite Open-Ear Earbuds [HIM-003-08] ($175.99 vs $215.99); Longer battery than Poseidon Wave Pro Open-Ear Earbuds [POS-021-04] (10 vs 6 hrs) | S85: running, outdoor, office | T85: in_stock | U85: 30 | V85: 197.99 | W85: 2026-09-05 | X85: N/A | Y85: N/A | Z85: N/A | AA85: N/A
A86: MEN-008-04 | B86: Menoetius | C86: Headphones & Earbuds | D86: Headphones | E86: Menoetius Sable Pro Bone Conduction Headphones | F86: 183.99 | G86: the Sable Pro; Menoetius Sable Pro; Menoeitus Sable Pro; Sable Pro headphones | H86: 1 year limited | I86: FCC, CE, Bluetooth SIG Qualified, IP67 | J86: N/A | K86: N/A | L86: N/A | M86: N/A | N86: Magnetic USB charging | O86: N/A | P86: 8 | Q86: 30 | R86: Lighter than Deimos Crest Bone Conduction Headphones [DEI-005-03] (30 g vs 35 g); Longer battery than Ananke Orbit Plus Bone Conduction Headphones [ANA-023-03] (8 vs 6 hrs) | S86: running, cycling, outdoor | T86: low_stock | U86: 30 | V86: 190.99 | W86: 2026-09-22 | X86: N/A | Y86: N/A | Z86: N/A | AA86: N/A
A87: MEN-008-05 | B87: Menoetius | C87: Headphones & Earbuds | D87: Headset | E87: Menoetius Wave Gaming Headset | F87: 184.99 | G87: the Wave; Menoetius Wave; Menoteius Wave; Wave headset | H87: 1 year limited | I87: FCC, CE, Bluetooth SIG Qualified | J87: N/A | K87: N/A | L87: N/A | M87: N/A | N87: USB-C, 3.5mm, 2.4GHz USB dongle | O87: N/A | P87: 32 | Q87: 355 | R87: Lower price than Asclepius Aria Ultra Gaming Headset [ASC-024-07] ($184.99 vs $260.99); Lighter than Poseidon Sable X Gaming Headset [POS-021-06] (355 g vs 358 g) | S87: gaming, streaming, voice chat | T87: in_stock | U87: 30 | V87: 204.99 | W87: 2026-09-25 | X87: N/A | Y87: N/A | Z87: N/A | AA87: N/A
A88: MEN-008-06 | B88: Menoetius | C88: Headphones & Earbuds | D88: Earbuds | E88: Menoetius Pulse Lite Sleep Earbuds | F88: 203.99 | G88: the Pulse Lite; Menoetius Pulse Lite; Menoettius Pulse Lite; Pulse Lite earbuds | H88: 1 year limited | I88: FCC, CE, Bluetooth SIG Qualified | J88: N/A | K88: N/A | L88: N/A | M88: N/A | N88: USB-C charging case | O88: N/A | P88: 9 | Q88: 4 | R88: Longer battery than Soteria Echo Max Sleep Earbuds [SOT-014-06] (9 vs 8 hrs); Lower price than Achelous Zen Plus Sleep Earbuds [ACH-018-07] ($203.99 vs $238.99) | S88: sleep, travel, relaxation | T88: in_stock | U88: 30 | V88: 231.99 | W88: 2026-08-06 | X88: N/A | Y88: N/A | Z88: N/A | AA88: N/A
A89: MEN-008-07 | B89: Menoetius | C89: Headphones & Earbuds | D89: Earbuds | E89: Menoetius Volt Max Wired In-Ear Monitors | F89: 249.99 | G89: the Volt Max; Menoetius Volt Max; Menoeetius Volt Max; Volt Max earbuds | H89: 1 year limited | I89: CE, RoHS, Hi-Res Audio | J89: N/A | K89: N/A | L89: N/A | M89: N/A | N89: Detachable 2-pin cable: 3.5mm and 4.4mm balanced | O89: N/A | P89: N/A | Q89: 22 | R89: Lighter than Carpo Nova Air Wired In-Ear Monitors [CAR-002-06] (22 g vs 40 g); Lower price than Asclepius Spark Wired In-Ear Monitors [ASC-024-09] ($249.99 vs $371.99) | S89: audiophile, stage monitoring, music | T89: in_stock | U89: 30 | V89: 264.99 | W89: 2026-09-12 | X89: N/A | Y89: N/A | Z89: N/A | AA89: N/A
A90: MEN-008-08 | B90: Menoetius | C90: Headphones & Earbuds | D90: Headphones | E90: Menoetius Arc Pro Studio Monitor Headphones | F90: 338.99 | G90: the Arc Pro; Menoetius Arc Pro; Menoetuis Arc Pro; Arc Pro headphones | H90: 1 year limited | I90: CE, RoHS, Hi-Res Audio | J90: N/A | K90: N/A | L90: N/A | M90: N/A | N90: Detachable cable: 3.5mm with 6.35mm adapter | O90: N/A | P90: N/A | Q90: 250 | R90: Lower price than Glaucus Strata Ultra Studio Monitor Headphones [GLA-012-09] ($338.99 vs $478.99); Lighter than Doris Rift Air Studio Monitor Headphones [DOR-004-09] (250 g vs 333 g) | S90: music production, studio, podcasting | T90: in_stock | U90: 30 | V90: 353.99 | W90: 2026-08-10 | X90: N/A | Y90: N/A | Z90: N/A | AA90: N/A
A91: MEN-008-09 | B91: Menoetius | C91: Headphones & Earbuds | D91: Headphones | E91: Menoetius Strata Pro ANC Over-Ear Headphones | F91: 490.99 | G91: the Strata Pro; Menoetius Strata Pro; Menoeitus Strata Pro; Strata Pro headphones | H91: 1 year limited | I91: FCC, CE, Bluetooth SIG Qualified, Hi-Res Audio Wireless | J91: N/A | K91: N/A | L91: N/A | M91: N/A | N91: USB-C charging and audio, 3.5mm | O91: N/A | P91: 33 | Q91: 288 | R91: Longer battery than Chaos Aria Pro ANC Over-Ear Headphones [CHA-016-09] (33 vs 20 hrs); Lower price than Euphrosyne Orbit X ANC Over-Ear Headphones [EUP-019-10] ($490.99 vs $537.99) | S91: travel, commute, office | T91: low_stock | U91: 30 | V91: 514.99 | W91: 2026-09-11 | X91: N/A | Y91: N/A | Z91: N/A | AA91: N/A
A92: MEN-008-10 | B92: Menoetius | C92: Headphones & Earbuds | D92: Headphones | E92: Menoetius Sable SE Audiophile Planar Headphones | F92: 978.99 | G92: the Sable SE; Menoetius Sable SE; Mennoetius Sable SE; Sable SE headphones | H92: 1 year limited | I92: CE, RoHS, Hi-Res Audio | J92: N/A | K92: N/A | L92: N/A | M92: N/A | N92: Detachable cable: 3.5mm, 6.35mm and 4.4mm balanced | O92: N/A | P92: N/A | Q92: 463 | R92: Lower price than Morpheus Onyx Lite Audiophile Planar Headphones [MOR-001-10] ($978.99 vs $1,063.99); Lighter than Nereus Vibe X Audiophile Planar Headphones [NER-020-10] (463 g vs 488 g) | S92: audiophile, home listening, studio | T92: low_stock | U92: 30 | V92: 1095.99 | W92: 2026-08-10 | X92: N/A | Y92: N/A | Z92: N/A | AA92: N/A
A93: PHO-009-01 | B93: Phosphorus | C93: Headphones & Earbuds | D93: Headphones | E93: Phosphorus Core Kids Headphones | F93: 30.99 | G93: the Core; Phosphorus Core; Phosphoruus Core; Core headphones | H93: 1 year limited | I93: FCC, CE, Bluetooth SIG Qualified, EN 71 Toy Safety | J93: N/A | K93: N/A | L93: N/A | M93: N/A | N93: USB-C charging, 3.5mm (85 dB limited) | O93: N/A | P93: 28 | Q93: 149 | R93: Lower price than Glaucus Aria Air Kids Headphones [GLA-012-01] ($30.99 vs $45.99); Longer battery than Euphrosyne Vibe Max Kids Headphones [EUP-019-01] (28 vs 27 hrs) | S93: kids, school, travel | T93: in_stock | U93: 15 | V93: 33.99 | W93: 2026-08-06 | X93: N/A | Y93: N/A | Z93: N/A | AA93: N/A
A94: PHO-009-02 | B94: Phosphorus | C94: Headphones & Earbuds | D94: Headset | E94: Phosphorus Quanta Max Gaming Headset | F94: 107.99 | G94: the Quanta Max; Phosphorus Quanta Max; Phospohrus Quanta Max; Quanta Max headset | H94: 1 year limited | I94: FCC, CE, Bluetooth SIG Qualified | J94: N/A | K94: N/A | L94: N/A | M94: N/A | N94: USB-C, 3.5mm, 2.4GHz USB dongle | O94: N/A | P94: 51 | Q94: 275 | R94: Longer battery than Doris Echo Plus Gaming Headset [DOR-004-07] (51 vs 44 hrs); Lower price than Tartarus Onyx Ultra Gaming Headset [TAR-017-08] ($107.99 vs $323.99) | S94: gaming, streaming, voice chat | T94: in_stock | U94: 15 | V94: 119.99 | W94: 2026-09-24 | X94: N/A | Y94: N/A | Z94: N/A | AA94: N/A
A95: PHO-009-03 | B95: Phosphorus | C95: Headphones & Earbuds | D95: Earbuds | E95: Phosphorus Nimbus X Sleep Earbuds | F95: 127.99 | G95: the Nimbus X; Phosphorus Nimbus X; Phosphoru Nimbus X; Nimbus X earbuds | H95: 1 year limited | I95: FCC, CE, Bluetooth SIG Qualified | J95: N/A | K95: N/A | L95: N/A | M95: N/A | N95: USB-C charging case | O95: N/A | P95: 8 | Q95: 2 | R95: Lower price than Tartarus Vertex X Sleep Earbuds [TAR-017-06] ($127.99 vs $217.99); Lighter than Euphrosyne Flux Pro Sleep Earbuds [EUP-019-05] (2 g vs 3 g) | S95: sleep, travel, relaxation | T95: in_stock | U95: 15 | V95: 143.99 | W95: 2026-09-18 | X95: N/A | Y95: N/A | Z95: N/A | AA95: N/A
A96: PHO-009-04 | B96: Phosphorus | C96: Headphones & Earbuds | D96: Earbuds | E96: Phosphorus Crest Air Sport Earbuds | F96: 149.99 | G96: the Crest Air; Phosphorus Crest Air; Phsophorus Crest Air; Crest Air earbuds | H96: 1 year limited | I96: FCC, CE, Bluetooth SIG Qualified, IP55 | J96: N/A | K96: N/A | L96: N/A | M96: N/A | N96: USB-C charging case | O96: N/A | P96: 7 | Q96: 6 | R96: Lower price than Carpo Flux Pro Sport Earbuds [CAR-002-05] ($149.99 vs $153.99); Lighter than Soteria Strata Ultra Sport Earbuds [SOT-014-03] (6 g vs 8 g) | S96: gym, running, sport | T96: in_stock | U96: 15 | V96: 157.99 | W96: 2026-09-15 | X96: N/A | Y96: N/A | Z96: N/A | AA96: N/A
A97: PHO-009-05 | B97: Phosphorus | C97: Headphones & Earbuds | D97: Headphones | E97: Phosphorus Flux X ANC Over-Ear Headphones | F97: 167.99 | G97: the Flux X; Phosphorus Flux X; Phosphoruss Flux X; Flux X headphones | H97: 1 year limited | I97: FCC, CE, Bluetooth SIG Qualified | J97: N/A | K97: N/A | L97: N/A | M97: N/A | N97: USB-C charging and audio, 3.5mm | O97: N/A | P97: 40 | Q97: 312 | R97: Lower price than Morpheus Rift Plus ANC Over-Ear Headphones [MOR-001-07] ($167.99 vs $205.99); Longer battery than Asclepius Rift Max ANC Over-Ear Headphones [ASC-024-10] (40 vs 36 hrs) | S97: travel, commute, office | T97: low_stock | U97: 15 | V97: 187.99 | W97: 2026-09-05 | X97: N/A | Y97: N/A | Z97: N/A | AA97: N/A
A98: PHO-009-06 | B98: Phosphorus | C98: Headphones & Earbuds | D98: Headphones | E98: Phosphorus Lumen Max Studio Monitor Headphones | F98: 189.99 | G98: the Lumen Max; Phosphorus Lumen Max; Phosphoruus Lumen Max; Lumen Max headphones | H98: 1 year limited | I98: CE, RoHS, Hi-Res Audio | J98: N/A | K98: N/A | L98: N/A | M98: N/A | N98: Detachable cable: 3.5mm with 6.35mm adapter | O98: N/A | P98: N/A | Q98: 300 | R98: Lighter than Himeros Flux Studio Monitor Headphones [HIM-003-07] (300 g vs 349 g); Lower price than Aura Drift Studio Monitor Headphones [AUR-015-10] ($189.99 vs $497.99) | S98: music production, studio, podcasting | T98: in_stock | U98: 15 | V98: 202.99 | W98: 2026-09-03 | X98: N/A | Y98: N/A | Z98: N/A | AA98: N/A
A99: PHO-009-07 | B99: Phosphorus | C99: Headphones & Earbuds | D99: Earbuds | E99: Phosphorus Zen Open-Ear Earbuds | F99: 215.99 | G99: the Zen; Phosphorus Zen; Phospohrus Zen; Zen earbuds | H99: 1 year limited | I99: FCC, CE, Bluetooth SIG Qualified, IPX4 | J99: N/A | K99: N/A | L99: N/A | M99: N/A | N99: USB-C charging case | O99: N/A | P99: 9 | Q99: 12 | R99: Longer battery than Deimos Aeon Plus Open-Ear Earbuds [DEI-005-05] (9 vs 6 hrs) | S99: running, outdoor, office | T99: low_stock | U99: 15 | V99: 239.99 | W99: 2026-08-06 | X99: N/A | Y99: N/A | Z99: N/A | AA99: N/A
A100: PHO-009-08 | B100: Phosphorus | C100: Headphones & Earbuds | D100: Earbuds | E100: Phosphorus Volt Plus Wired In-Ear Monitors | F100: 236.99 | G100: the Volt Plus; Phosphorus Volt Plus; Phopshorus Volt Plus; Volt Plus earbuds | H100: 1 year limited | I100: CE, RoHS, Hi-Res Audio | J100: N/A | K100: N/A | L100: N/A | M100: N/A | N100: Detachable 2-pin cable: 3.5mm and 4.4mm balanced | O100: N/A | P100: N/A | Q100: 31 | R100: Lighter than Morpheus Nova Ultra Wired In-Ear Monitors [MOR-001-02] (31 g vs 36 g); Lower price than Deimos Rift Wired In-Ear Monitors [DEI-005-09] ($236.99 vs $398.99) | S100: audiophile, stage monitoring, music | T100: in_stock | U100: 15 | V100: 252.99 | W100: 2026-09-14 | X100: N/A | Y100: N/A | Z100: N/A | AA100: N/A
A101: PHO-009-09 | B101: Phosphorus | C101: Headphones & Earbuds | D101: Headphones | E101: Phosphorus Vertex On-Ear Headphones | F101: 239.99 | G101: the Vertex; Phosphorus Vertex; Phsophorus Vertex; Vertex headphones | H101: 1 year limited | I101: FCC, CE, Bluetooth SIG Qualified | J101: N/A | K101: N/A | L101: N/A | M101: N/A | N101: USB-C charging, 3.5mm | O101: N/A | P101: 38 | Q101: 216 | R101: Longer battery than Hesperus Rift Air On-Ear Headphones [HES-025-04] (38 vs 33 hrs); Lighter than Euphrosyne Blaze X On-Ear Headphones [EUP-019-03] (216 g vs 225 g) | S101: everyday, commute, school | T101: in_stock | U101: 15 | V101: 264.99 | W101: 2026-08-09 | X101: N/A | Y101: N/A | Z101: N/A | AA101: N/A
A102: PHO-009-10 | B102: Phosphorus | C102: Headphones & Earbuds | D102: Headphones | E102: Phosphorus Rift Air Audiophile Planar Headphones | F102: 1362.99 | G102: the Rift Air; Phosphorus Rift Air; Phsophorus Rift Air; Rift Air headphones | H102: 1 year limited | I102: CE, RoHS, Hi-Res Audio | J102: N/A | K102: N/A | L102: N/A | M102: N/A | N102: Detachable cable: 3.5mm, 6.35mm and 4.4mm balanced | O102: N/A | P102: N/A | Q102: 439 | R102: Lighter than Tethys Prism Plus Audiophile Planar Headphones [TET-007-10] (439 g vs 519 g); Lower price than Deimos Orbit Plus Audiophile Planar Headphones [DEI-005-10] ($1,362.99 vs $1,455.99) | S102: audiophile, home listening, studio | T102: low_stock | U102: 15 | V102: 1513.99 | W102: 2026-08-20 | X102: N/A | Y102: N/A | Z102: N/A | AA102: N/A
...

Sheet Summary
A1: Company Type | B1: Companies | C1: Products | D1: Lowest Price | E1: Highest Price | F1: Average Price
A2: Headphones & Earbuds | B2: =COUNTIF(Companies!$C$14:$C$163,A2) | C2: =COUNTIF('Product Details'!$C$13:$C$1512,A2) | D2: =MINIFS('Product Details'!$F$13:$F$1512,'Product Details'!$C$13:$C$1512,A2) | E2: =MAXIFS('Product Details'!$F$13:$F$1512,'Product Details'!$C$13:$C$1512,A2) | F2: =AVERAGEIF('Product Details'!$C$13:$C$1512,A2,'Product Details'!$F$13:$F$1512)
A3: Laptops | B3: =COUNTIF(Companies!$C$14:$C$163,A3) | C3: =COUNTIF('Product Details'!$C$13:$C$1512,A3) | D3: =MINIFS('Product Details'!$F$13:$F$1512,'Product Details'!$C$13:$C$1512,A3) | E3: =MAXIFS('Product Details'!$F$13:$F$1512,'Product Details'!$C$13:$C$1512,A3) | F3: =AVERAGEIF('Product Details'!$C$13:$C$1512,A3,'Product Details'!$F$13:$F$1512)
A4: Smartphones & Tablets | B4: =COUNTIF(Companies!$C$14:$C$163,A4) | C4: =COUNTIF('Product Details'!$C$13:$C$1512,A4) | D4: =MINIFS('Product Details'!$F$13:$F$1512,'Product Details'!$C$13:$C$1512,A4) | E4: =MAXIFS('Product Details'!$F$13:$F$1512,'Product Details'!$C$13:$C$1512,A4) | F4: =AVERAGEIF('Product Details'!$C$13:$C$1512,A4,'Product Details'!$F$13:$F$1512)
A5: Computer Hardware | B5: =COUNTIF(Companies!$C$14:$C$163,A5) | C5: =COUNTIF('Product Details'!$C$13:$C$1512,A5) | D5: =MINIFS('Product Details'!$F$13:$F$1512,'Product Details'!$C$13:$C$1512,A5) | E5: =MAXIFS('Product Details'!$F$13:$F$1512,'Product Details'!$C$13:$C$1512,A5) | F5: =AVERAGEIF('Product Details'!$C$13:$C$1512,A5,'Product Details'!$F$13:$F$1512)
A6: Total | B6: =SUM(B2:B5) | C6: =SUM(C2:C5)

Sheet Login Credentials
A1: Company Portal Login Credentials
A2: Company portal logins. Temporary passwords were removed from this copy; every demo account signs in with the password cirqo-demo (DECISIONS.md #34).
A4: Company ID | B4: Company | C4: Category | D4: Username | E4: Temporary Password (removed; every demo password is cirqo-demo) | F4: Login Email | G4: Role | H4: Must Change Password | I4: Account Status
A5: CO-001 | B5: Morpheus | C5: Headphones & Earbuds | D5: morpheus.admin | F5: admin@morpheusaudio.example | G5: Brand Admin | H5: Yes | I5: Active
A6: CO-002 | B6: Carpo | C6: Headphones & Earbuds | D6: carpo.admin | F6: admin@carpoaudio.example | G6: Brand Admin | H6: Yes | I6: Active
A7: CO-003 | B7: Himeros | C7: Headphones & Earbuds | D7: himeros.admin | F7: admin@himerosaudio.example | G7: Brand Admin | H7: Yes | I7: Active
A8: CO-004 | B8: Doris | C8: Headphones & Earbuds | D8: doris.admin | F8: admin@dorisaudio.example | G8: Brand Admin | H8: Yes | I8: Active
A9: CO-005 | B9: Deimos | C9: Headphones & Earbuds | D9: deimos.admin | F9: admin@deimosaudio.example | G9: Brand Admin | H9: Yes | I9: Active
A10: CO-006 | B10: Asteria | C10: Headphones & Earbuds | D10: asteria.admin | F10: admin@asteriaaudio.example | G10: Brand Admin | H10: Yes | I10: Active
A11: CO-007 | B11: Tethys | C11: Headphones & Earbuds | D11: tethys.admin | F11: admin@tethysaudio.example | G11: Brand Admin | H11: Yes | I11: Active
A12: CO-008 | B12: Menoetius | C12: Headphones & Earbuds | D12: menoetius.admin | F12: admin@menoetiusaudio.example | G12: Brand Admin | H12: Yes | I12: Active
A13: CO-009 | B13: Phosphorus | C13: Headphones & Earbuds | D13: phosphorus.admin | F13: admin@phosphorusaudio.example | G13: Brand Admin | H13: Yes | I13: Active
A14: CO-010 | B14: Hedone | C14: Headphones & Earbuds | D14: hedone.admin | F14: admin@hedoneaudio.example | G14: Brand Admin | H14: Yes | I14: Active
A15: CO-011 | B15: Hebe | C15: Headphones & Earbuds | D15: hebe.admin | F15: admin@hebeaudio.example | G15: Brand Admin | H15: Yes | I15: Active
A16: CO-012 | B16: Glaucus | C16: Headphones & Earbuds | D16: glaucus.admin | F16: admin@glaucusaudio.example | G16: Brand Admin | H16: Yes | I16: Active
... A154: CO-150 | B154: Artemis | C154: Computer Hardware | D154: artemis.admin | F154: admin@artemishardware.example | G154: Brand Admin | H154: Yes | I154: Active
